,chembl_id,uniprot_id,bioactivity_type,operator,value,units,smiles,dude_id
0,CHEMBL1089318,P21964,Ki,=,10.0,nM,c1(c(cc(cc1[N+](=O)[O-])c1nc(no1)c1c([n+](c(c(c1C)Cl)C)[O-])Cl)O)O,comt
1,CHEMBL1089318,P21964,Ki,=,1.0,nM,c1(c(cc(cc1[N+](=O)[O-])c1nc(no1)c1c([n+](c(c(c1C)Cl)C)[O-])Cl)O)O,comt
2,CHEMBL1089318,P22734,Ki,=,15.85,nM,c1(c(cc(cc1[N+](=O)[O-])c1nc(no1)c1c([n+](c(c(c1C)Cl)C)[O-])Cl)O)O,comt
3,CHEMBL1089318,P22734,Ki,=,1.5,nM,c1(c(cc(cc1[N+](=O)[O-])c1nc(no1)c1c([n+](c(c(c1C)Cl)C)[O-])Cl)O)O,comt
4,CHEMBL1089503,P21964,Ki,<,1.0,nM,c1(c(c(c2c(c1)c(c(s2)C(=O)O)Cl)[N+](=O)[O-])O)O,comt
5,CHEMBL1089504,P21964,Ki,=,2.2,nM,c1(c(c(c2c(c1)c(c(s2)C(=O)OC)Cl)[N+](=O)[O-])O)O,comt
6,CHEMBL1089505,P21964,Ki,=,9.2,nM,c1(c(c(c2c(c1)c(c(s2)C(=O)OCCC)Cl)[N+](=O)[O-])O)O,comt
7,CHEMBL1089536,P21964,Ki,=,10.2,nM,c1(c(c(c2c(c1)c(c(s2)C(=O)OCc1ccccc1)Cl)[N+](=O)[O-])O)O,comt
8,CHEMBL1089537,P21964,Ki,=,17.0,nM,c1(c(c(c2c(c1)c(c(s2)C(=O)OCOC(=O)C(C)C)Cl)[N+](=O)[O-])O)O,comt
9,CHEMBL1089538,P21964,Ki,=,17.0,nM,c1(c(c(c2c(c1)c(c(s2)C(=O)OC(OC(=O)C(C)C)C)Cl)[N+](=O)[O-])O)O,comt
10,CHEMBL1089539,P21964,Ki,=,10.6,nM,c1(c(c(c2c(c1)c(c(s2)C(=O)OCOC(=O)CCC)Cl)[N+](=O)[O-])O)O,comt
11,CHEMBL1089630,P21964,Ki,=,1.3,nM,c1(c(c(c2c(c1)c(c(s2)C(=O)OCCCC)Cl)[N+](=O)[O-])O)O,comt
12,CHEMBL1090224,P22734,Inhibition,=,26.8,%,c1(ccc(c(c1O)O)c1ccnn1c1ccccc1)O,comt
13,CHEMBL1090225,P22734,Inhibition,=,32.3,%,c1(ccc(c(c1O)F)c1ccnn1c1ccc(cc1)C(F)(F)F)O,comt
14,CHEMBL1090929,P22734,Inhibition,=,1.1,%,c1(c(cc(cc1O)c1ccnn1C)[N+](=O)[O-])O,comt
15,CHEMBL1090930,P22734,Inhibition,=,0.3,%,c1(c(cc(cc1O)c1ccnn1c1ccc(cc1)C#N)[N+](=O)[O-])O,comt
16,CHEMBL1090931,P22734,Inhibition,=,68.6,%,c1(c(cc(cc1O)c1c(cnn1c1cc(ccc1)Cl)c1ccccc1)[N+](=O)[O-])O,comt
17,CHEMBL1091204,P21964,Ki,=,1.1,nM,c1(c(c(c2c(c1)c(c(s2)C(=O)OC(C)C)Cl)[N+](=O)[O-])O)O,comt
18,CHEMBL1091981,P21964,Ki,=,16.6,nM,c1(c(c(c2c(c1)c(c(s2)C(=O)OC(OC(=O)CCC)C)Cl)[N+](=O)[O-])O)O,comt
19,CHEMBL1091982,P21964,Ki,=,6.0,nM,c1(c(c(c2c(c1)c(c(s2)C(=O)OCOC(=O)C(N)C(C)C)Cl)[N+](=O)[O-])O)O,comt
20,CHEMBL1091983,P21964,Ki,=,1.6,nM,c1(c(c(c2c(c1)c(c(s2)C(=O)OCc1oc(=O)oc1)Cl)[N+](=O)[O-])O)O,comt
21,CHEMBL1092607,P22734,Inhibition,=,2.8,%,c1(c(cc(cc1O)c1c(cnn1C(=O)c1ccc(cc1)C)c1ccccc1)[N+](=O)[O-])O,comt
22,CHEMBL1092945,P22734,Inhibition,=,15.6,%,c1(c(c(ccc1O)c1n[nH]c(c1c1ccc(cc1)Cl)C)O)O,comt
23,CHEMBL1092956,P22734,Inhibition,=,24.1,%,c1(c(cc(cc1O)c1ccnn1c1cc(ccc1)Cl)C(=O)O)O,comt
24,CHEMBL1092957,P22734,Inhibition,=,41.2,%,c1(ccc(cc1O)c1ccnn1c1ccc(cc1)C)O,comt
25,CHEMBL1093020,P22734,Inhibition,=,0.8,%,c1(c(cc(cc1O)c1ccnn1c1ccccc1)O)O,comt
26,CHEMBL109996,P22734,Kis,=,1140.0,uM,c1(c(cc(C(=O)O)cc1O)S)OC,comt
27,CHEMBL109996,P22734,Kis,=,59.9,uM,c1(c(cc(C(=O)O)cc1O)S)OC,comt
28,CHEMBL109996,P22734,Kii,=,743.0,uM,c1(c(cc(C(=O)O)cc1O)S)OC,comt
29,CHEMBL109996,P22734,Kii,=,30.2,uM,c1(c(cc(C(=O)O)cc1O)S)OC,comt
30,CHEMBL109996,P22734,Inhibition,=,99.0,%,c1(c(cc(C(=O)O)cc1O)S)OC,comt
31,CHEMBL109996,P22734,Inhibition,=,39.0,%,c1(c(cc(C(=O)O)cc1O)S)OC,comt
32,CHEMBL114526,P21964,Inhibition,=,79.0,%,c1(c(cc2c(c1[N+](=O)[O-])C(=O)C(C2)CN1CCOCC1)O)O,comt
33,CHEMBL114981,P21964,Inhibition,=,83.0,%,c1(c(cc2c(c1[N+](=O)[O-])C(=O)C(C2)CN1CCCCC1)O)O,comt
34,CHEMBL1244,P22734,IC50,=,24.0,nM,c1([N+](=O)[O-])c(c(cc(c1)C=O)O)O,comt
35,CHEMBL1300410,P22734,IC50,=,60255.96,nM,n1cccc2c(ccc(c12)O)F,comt
36,CHEMBL131384,P22734,Activity,=,94.0,%,c1c(c(cc(c1O)O)CCN)N,comt
37,CHEMBL131384,P22734,Activity,=,85.0,%,c1c(c(cc(c1O)O)CCN)N,comt
38,CHEMBL131384,P22734,Activity,=,63.0,%,c1c(c(cc(c1O)O)CCN)N,comt
39,CHEMBL131384,P22734,Activity,=,52.0,%,c1c(c(cc(c1O)O)CCN)N,comt
40,CHEMBL131384,P22734,Activity,=,26.0,%,c1c(c(cc(c1O)O)CCN)N,comt
41,CHEMBL131384,P22734,Activity,=,17.0,%,c1c(c(cc(c1O)O)CCN)N,comt
42,CHEMBL131384,P22734,Activity,=,10.0,%,c1c(c(cc(c1O)O)CCN)N,comt
43,CHEMBL131384,P22734,Activity,=,1.0,%,c1c(c(cc(c1O)O)CCN)N,comt
44,CHEMBL131384,P22734,Activity,=,77.0,%,c1c(c(cc(c1O)O)CCN)N,comt
45,CHEMBL131384,P22734,Activity,=,103.0,%,c1c(c(cc(c1O)O)CCN)N,comt
46,CHEMBL131384,P22734,Activity,=,2.0,%,c1c(c(cc(c1O)O)CCN)N,comt
47,CHEMBL1324,P21964,FC,=,12.05,Unspecified,c1(c(c(cc(c1)C(=O)c1ccc(cc1)C)[N+](=O)[O-])O)O,comt
48,CHEMBL1324,P21964,IC50,=,127.0,nM,c1(c(c(cc(c1)C(=O)c1ccc(cc1)C)[N+](=O)[O-])O)O,comt
49,CHEMBL1324,P21964,Inhibition,=,97.0,%,c1(c(c(cc(c1)C(=O)c1ccc(cc1)C)[N+](=O)[O-])O)O,comt
50,CHEMBL1324,P21964,Inhibition,=,97.0,%,c1(c(c(cc(c1)C(=O)c1ccc(cc1)C)[N+](=O)[O-])O)O,comt
51,CHEMBL1324,P21964,Inhibition,=,97.0,%,c1(c(c(cc(c1)C(=O)c1ccc(cc1)C)[N+](=O)[O-])O)O,comt
52,CHEMBL1324,P22734,IC50,=,2.2,nM,c1(c(c(cc(c1)C(=O)c1ccc(cc1)C)[N+](=O)[O-])O)O,comt
53,CHEMBL1324,P22734,Inhibition,=,94.0,%,c1(c(c(cc(c1)C(=O)c1ccc(cc1)C)[N+](=O)[O-])O)O,comt
54,CHEMBL1324,P22734,Inhibition,=,100.0,%,c1(c(c(cc(c1)C(=O)c1ccc(cc1)C)[N+](=O)[O-])O)O,comt
55,CHEMBL1324,P22734,Inhibition,=,99.0,%,c1(c(c(cc(c1)C(=O)c1ccc(cc1)C)[N+](=O)[O-])O)O,comt
56,CHEMBL1324,P22734,Inhibition,=,99.0,%,c1(c(c(cc(c1)C(=O)c1ccc(cc1)C)[N+](=O)[O-])O)O,comt
57,CHEMBL1324,P22734,Inhibition,=,97.0,%,c1(c(c(cc(c1)C(=O)c1ccc(cc1)C)[N+](=O)[O-])O)O,comt
58,CHEMBL1324,P22734,Inhibition,=,67.0,%,c1(c(c(cc(c1)C(=O)c1ccc(cc1)C)[N+](=O)[O-])O)O,comt
59,CHEMBL1324,P22734,Inhibition,=,98.0,%,c1(c(c(cc(c1)C(=O)c1ccc(cc1)C)[N+](=O)[O-])O)O,comt
60,CHEMBL1324,P22734,Inhibition,=,100.0,%,c1(c(c(cc(c1)C(=O)c1ccc(cc1)C)[N+](=O)[O-])O)O,comt
61,CHEMBL1324,P22734,Inhibition,=,99.0,%,c1(c(c(cc(c1)C(=O)c1ccc(cc1)C)[N+](=O)[O-])O)O,comt
62,CHEMBL1324,P22734,IC50,=,2200.0,nM,c1(c(c(cc(c1)C(=O)c1ccc(cc1)C)[N+](=O)[O-])O)O,comt
63,CHEMBL1324,P22734,IC50,=,930.0,nM,c1(c(c(cc(c1)C(=O)c1ccc(cc1)C)[N+](=O)[O-])O)O,comt
64,CHEMBL1324,P22734,Inhibition,=,94.0,%,c1(c(c(cc(c1)C(=O)c1ccc(cc1)C)[N+](=O)[O-])O)O,comt
65,CHEMBL1324,P22734,Inhibition,=,78.0,%,c1(c(c(cc(c1)C(=O)c1ccc(cc1)C)[N+](=O)[O-])O)O,comt
66,CHEMBL1324,P22734,Inhibition,=,86.0,%,c1(c(c(cc(c1)C(=O)c1ccc(cc1)C)[N+](=O)[O-])O)O,comt
67,CHEMBL1324,P22734,IC50,=,927000.0,nM,c1(c(c(cc(c1)C(=O)c1ccc(cc1)C)[N+](=O)[O-])O)O,comt
68,CHEMBL1324,P22734,IC50,=,2.2,nM,c1(c(c(cc(c1)C(=O)c1ccc(cc1)C)[N+](=O)[O-])O)O,comt
69,CHEMBL1324,P22734,Inhibition,=,86.0,%,c1(c(c(cc(c1)C(=O)c1ccc(cc1)C)[N+](=O)[O-])O)O,comt
70,CHEMBL1324,P22734,Inhibition,=,67.0,%,c1(c(c(cc(c1)C(=O)c1ccc(cc1)C)[N+](=O)[O-])O)O,comt
71,CHEMBL1324,P22734,Inhibition,=,98.0,%,c1(c(c(cc(c1)C(=O)c1ccc(cc1)C)[N+](=O)[O-])O)O,comt
72,CHEMBL1324,P22734,Inhibition,=,99.0,%,c1(c(c(cc(c1)C(=O)c1ccc(cc1)C)[N+](=O)[O-])O)O,comt
73,CHEMBL1324,P22734,Inhibition,=,78.0,%,c1(c(c(cc(c1)C(=O)c1ccc(cc1)C)[N+](=O)[O-])O)O,comt
74,CHEMBL1324,P22734,Inhibition,=,97.0,%,c1(c(c(cc(c1)C(=O)c1ccc(cc1)C)[N+](=O)[O-])O)O,comt
75,CHEMBL1324,P22734,Inhibition,=,99.0,%,c1(c(c(cc(c1)C(=O)c1ccc(cc1)C)[N+](=O)[O-])O)O,comt
76,CHEMBL1324,P22734,Inhibition,=,99.0,%,c1(c(c(cc(c1)C(=O)c1ccc(cc1)C)[N+](=O)[O-])O)O,comt
77,CHEMBL1410814,P22734,IC50,=,44668.36,nM,c1cc(c2c(c1C)cccn2)O,comt
78,CHEMBL1454910,P22734,IC50,=,19952.62,nM,c1cc(c2c(c1[N+](=O)[O-])cccn2)O,comt
79,CHEMBL145665,P22734,Inhibition,=,10.0,%,n1(c2c(nc1)c(ncn2)N)C1C(C(C(C1)CS(=O)(=O)CCC(C(=O)O)N)O)O,comt
80,CHEMBL145665,P22734,Inhibition,=,3.0,%,n1(c2c(nc1)c(ncn2)N)C1C(C(C(C1)CS(=O)(=O)CCC(C(=O)O)N)O)O,comt
81,CHEMBL145717,P22734,Inhibition,=,10.0,%,n1(c2c(nc1)c(ncn2)N)C1C(C(C(C1)C[S+]([O-])CCC(C(=O)O)N)O)O,comt
82,CHEMBL145717,P22734,Inhibition,=,1.0,%,n1(c2c(nc1)c(ncn2)N)C1C(C(C(C1)C[S+]([O-])CCC(C(=O)O)N)O)O,comt
83,CHEMBL146588,P22734,Inhibition,=,81.0,%,c1([N+](=O)[O-])c(c(cc(c1)C(=O)c1ccccc1)O)O,comt
84,CHEMBL146588,P22734,Inhibition,=,99.0,%,c1([N+](=O)[O-])c(c(cc(c1)C(=O)c1ccccc1)O)O,comt
85,CHEMBL146588,P22734,Inhibition,=,86.0,%,c1([N+](=O)[O-])c(c(cc(c1)C(=O)c1ccccc1)O)O,comt
86,CHEMBL146588,P22734,Inhibition,=,32.0,%,c1([N+](=O)[O-])c(c(cc(c1)C(=O)c1ccccc1)O)O,comt
87,CHEMBL146588,P22734,Inhibition,=,97.0,%,c1([N+](=O)[O-])c(c(cc(c1)C(=O)c1ccccc1)O)O,comt
88,CHEMBL146588,P22734,Inhibition,=,98.0,%,c1([N+](=O)[O-])c(c(cc(c1)C(=O)c1ccccc1)O)O,comt
89,CHEMBL146588,P22734,Inhibition,=,35.0,%,c1([N+](=O)[O-])c(c(cc(c1)C(=O)c1ccccc1)O)O,comt
90,CHEMBL146588,P22734,Inhibition,=,97.0,%,c1([N+](=O)[O-])c(c(cc(c1)C(=O)c1ccccc1)O)O,comt
91,CHEMBL146588,P22734,Inhibition,=,96.0,%,c1([N+](=O)[O-])c(c(cc(c1)C(=O)c1ccccc1)O)O,comt
92,CHEMBL146588,P22734,Inhibition,=,96.0,%,c1([N+](=O)[O-])c(c(cc(c1)C(=O)c1ccccc1)O)O,comt
93,CHEMBL1470712,P22734,IC50,=,45708.82,nM,c1cc(c2c(c1CO)cccn2)O,comt
94,CHEMBL1487639,P22734,IC50,=,58884.37,nM,c1cc(c2c(c1C=O)cccn2)O,comt
95,CHEMBL1518735,P22734,IC50,=,38904.51,nM,n1cccc2c(ccc(c12)O)COC,comt
96,CHEMBL159354,P22734,Inhibition,=,51.0,%,c1([N+](=O)[O-])c(c(cc(c1)C(=O)Cc1ccc(c2ccccc2)cc1)O)O,comt
97,CHEMBL159354,P22734,Inhibition,=,78.0,%,c1([N+](=O)[O-])c(c(cc(c1)C(=O)Cc1ccc(c2ccccc2)cc1)O)O,comt
98,CHEMBL159354,P22734,Inhibition,=,27.0,%,c1([N+](=O)[O-])c(c(cc(c1)C(=O)Cc1ccc(c2ccccc2)cc1)O)O,comt
99,CHEMBL159354,P22734,Inhibition,=,28.0,%,c1([N+](=O)[O-])c(c(cc(c1)C(=O)Cc1ccc(c2ccccc2)cc1)O)O,comt
100,CHEMBL159367,P22734,Inhibition,=,70.0,%,c1([N+](=O)[O-])c(c(cc(c1)C(=O)Cc1ccc(cc1)C)O)O,comt
101,CHEMBL159367,P22734,Inhibition,=,83.0,%,c1([N+](=O)[O-])c(c(cc(c1)C(=O)Cc1ccc(cc1)C)O)O,comt
102,CHEMBL159367,P22734,Inhibition,=,21.0,%,c1([N+](=O)[O-])c(c(cc(c1)C(=O)Cc1ccc(cc1)C)O)O,comt
103,CHEMBL159367,P22734,Inhibition,=,23.0,%,c1([N+](=O)[O-])c(c(cc(c1)C(=O)Cc1ccc(cc1)C)O)O,comt
104,CHEMBL159383,P22734,Inhibition,=,11.0,%,c1([N+](=O)[O-])c(c(cc(c1)C(=O)Cc1ccc([N+](=O)[O-])cc1)OC(=O)C)OC(=O)C,comt
105,CHEMBL159383,P22734,Inhibition,=,49.0,%,c1([N+](=O)[O-])c(c(cc(c1)C(=O)Cc1ccc([N+](=O)[O-])cc1)OC(=O)C)OC(=O)C,comt
106,CHEMBL159383,P22734,Inhibition,=,1.0,%,c1([N+](=O)[O-])c(c(cc(c1)C(=O)Cc1ccc([N+](=O)[O-])cc1)OC(=O)C)OC(=O)C,comt
107,CHEMBL159415,P22734,Inhibition,=,14.0,%,c1([N+](=O)[O-])c(c(cc(c2oc(=O)c3c(c2)cccc3)c1)O)O,comt
108,CHEMBL159415,P22734,Inhibition,=,15.0,%,c1([N+](=O)[O-])c(c(cc(c2oc(=O)c3c(c2)cccc3)c1)O)O,comt
109,CHEMBL159415,P22734,Inhibition,=,11.0,%,c1([N+](=O)[O-])c(c(cc(c2oc(=O)c3c(c2)cccc3)c1)O)O,comt
110,CHEMBL159415,P22734,Inhibition,=,29.0,%,c1([N+](=O)[O-])c(c(cc(c2oc(=O)c3c(c2)cccc3)c1)O)O,comt
111,CHEMBL159472,P22734,Inhibition,=,46.0,%,c1([N+](=O)[O-])c(c(cc(c1)C(=O)Cc1c(C)cccc1)O)O,comt
112,CHEMBL159472,P22734,Inhibition,=,74.0,%,c1([N+](=O)[O-])c(c(cc(c1)C(=O)Cc1c(C)cccc1)O)O,comt
113,CHEMBL159472,P22734,Inhibition,=,25.0,%,c1([N+](=O)[O-])c(c(cc(c1)C(=O)Cc1c(C)cccc1)O)O,comt
114,CHEMBL159472,P22734,Inhibition,=,33.0,%,c1([N+](=O)[O-])c(c(cc(c1)C(=O)Cc1c(C)cccc1)O)O,comt
115,CHEMBL159551,P22734,Inhibition,=,36.0,%,c1([N+](=O)[O-])c(c(cc(c1)C(=O)C(c1ccccc1)Br)OC(=O)C)OC(=O)C,comt
116,CHEMBL159551,P22734,Inhibition,=,48.0,%,c1([N+](=O)[O-])c(c(cc(c1)C(=O)C(c1ccccc1)Br)OC(=O)C)OC(=O)C,comt
117,CHEMBL159551,P22734,Inhibition,=,13.0,%,c1([N+](=O)[O-])c(c(cc(c1)C(=O)C(c1ccccc1)Br)OC(=O)C)OC(=O)C,comt
118,CHEMBL159551,P22734,Inhibition,=,20.0,%,c1([N+](=O)[O-])c(c(cc(c1)C(=O)C(c1ccccc1)Br)OC(=O)C)OC(=O)C,comt
119,CHEMBL159605,P22734,Inhibition,=,9.0,%,c1([N+](=O)[O-])c(c(cc(C(=O)C2(c3ccccc3)CCCCC2)c1)OC(=O)C)OC(=O)C,comt
120,CHEMBL159605,P22734,Inhibition,=,14.0,%,c1([N+](=O)[O-])c(c(cc(C(=O)C2(c3ccccc3)CCCCC2)c1)OC(=O)C)OC(=O)C,comt
121,CHEMBL159605,P22734,Inhibition,=,7.0,%,c1([N+](=O)[O-])c(c(cc(C(=O)C2(c3ccccc3)CCCCC2)c1)OC(=O)C)OC(=O)C,comt
122,CHEMBL159605,P22734,Inhibition,=,19.0,%,c1([N+](=O)[O-])c(c(cc(C(=O)C2(c3ccccc3)CCCCC2)c1)OC(=O)C)OC(=O)C,comt
123,CHEMBL159674,P22734,Inhibition,=,52.0,%,c1([N+](=O)[O-])c(c(cc(c1)C(=O)CCCc1ccccc1)O)O,comt
124,CHEMBL159674,P22734,Inhibition,=,97.0,%,c1([N+](=O)[O-])c(c(cc(c1)C(=O)CCCc1ccccc1)O)O,comt
125,CHEMBL159674,P22734,Inhibition,=,27.0,%,c1([N+](=O)[O-])c(c(cc(c1)C(=O)CCCc1ccccc1)O)O,comt
126,CHEMBL159674,P22734,Inhibition,=,39.0,%,c1([N+](=O)[O-])c(c(cc(c1)C(=O)CCCc1ccccc1)O)O,comt
127,CHEMBL159674,P22734,Inhibition,=,67.0,%,c1([N+](=O)[O-])c(c(cc(c1)C(=O)CCCc1ccccc1)O)O,comt
128,CHEMBL159674,P22734,Inhibition,=,95.0,%,c1([N+](=O)[O-])c(c(cc(c1)C(=O)CCCc1ccccc1)O)O,comt
129,CHEMBL159674,P22734,Inhibition,=,12.0,%,c1([N+](=O)[O-])c(c(cc(c1)C(=O)CCCc1ccccc1)O)O,comt
130,CHEMBL159674,P22734,Inhibition,=,33.0,%,c1([N+](=O)[O-])c(c(cc(c1)C(=O)CCCc1ccccc1)O)O,comt
131,CHEMBL159674,P22734,Inhibition,=,69.0,%,c1([N+](=O)[O-])c(c(cc(c1)C(=O)CCCc1ccccc1)O)O,comt
132,CHEMBL159674,P22734,Inhibition,=,85.0,%,c1([N+](=O)[O-])c(c(cc(c1)C(=O)CCCc1ccccc1)O)O,comt
133,CHEMBL159732,P21964,Inhibition,=,45.0,%,c1([N+](=O)[O-])c(c(cc(c1)/C(=N\NC(=O)c1ccccc1)/Cc1ccccc1)O)O,comt
134,CHEMBL159938,P22734,Inhibition,=,41.0,%,c1([N+](=O)[O-])c(c(cc(C(=O)C(Cc2ccccc2)c2ccccc2)c1)OC(=O)C)OC(=O)C,comt
135,CHEMBL159938,P22734,Inhibition,=,63.0,%,c1([N+](=O)[O-])c(c(cc(C(=O)C(Cc2ccccc2)c2ccccc2)c1)OC(=O)C)OC(=O)C,comt
136,CHEMBL159938,P22734,Inhibition,=,44.0,%,c1([N+](=O)[O-])c(c(cc(C(=O)C(Cc2ccccc2)c2ccccc2)c1)OC(=O)C)OC(=O)C,comt
137,CHEMBL160006,P22734,Inhibition,=,46.0,%,c1([N+](=O)[O-])c(c(cc(c1)C(=O)Cc1cc2c(cc1)cccc2)O)O,comt
138,CHEMBL160006,P22734,Inhibition,=,83.0,%,c1([N+](=O)[O-])c(c(cc(c1)C(=O)Cc1cc2c(cc1)cccc2)O)O,comt
139,CHEMBL160006,P22734,Inhibition,=,7.0,%,c1([N+](=O)[O-])c(c(cc(c1)C(=O)Cc1cc2c(cc1)cccc2)O)O,comt
140,CHEMBL160006,P22734,Inhibition,=,17.0,%,c1([N+](=O)[O-])c(c(cc(c1)C(=O)Cc1cc2c(cc1)cccc2)O)O,comt
141,CHEMBL160007,P22734,Inhibition,=,38.0,%,c1([N+](=O)[O-])c(c(cc(c1)C(=O)Cc1c2c(ccc1)cccc2)O)O,comt
142,CHEMBL160007,P22734,Inhibition,=,70.0,%,c1([N+](=O)[O-])c(c(cc(c1)C(=O)Cc1c2c(ccc1)cccc2)O)O,comt
143,CHEMBL160007,P22734,Inhibition,=,1.0,%,c1([N+](=O)[O-])c(c(cc(c1)C(=O)Cc1c2c(ccc1)cccc2)O)O,comt
144,CHEMBL160007,P22734,Inhibition,=,10.0,%,c1([N+](=O)[O-])c(c(cc(c1)C(=O)Cc1c2c(ccc1)cccc2)O)O,comt
145,CHEMBL160038,P21964,Inhibition,=,90.0,%,c1(c(c(cc(c1)C(=O)Cc1ccccc1)[N+](=O)[O-])O)O,comt
146,CHEMBL160038,P21964,Inhibition,=,90.0,%,c1(c(c(cc(c1)C(=O)Cc1ccccc1)[N+](=O)[O-])O)O,comt
147,CHEMBL160038,P22734,Inhibition,=,76.0,%,c1(c(c(cc(c1)C(=O)Cc1ccccc1)[N+](=O)[O-])O)O,comt
148,CHEMBL160038,P22734,Inhibition,=,99.0,%,c1(c(c(cc(c1)C(=O)Cc1ccccc1)[N+](=O)[O-])O)O,comt
149,CHEMBL160038,P22734,Inhibition,=,97.0,%,c1(c(c(cc(c1)C(=O)Cc1ccccc1)[N+](=O)[O-])O)O,comt
150,CHEMBL160038,P22734,Inhibition,=,84.0,%,c1(c(c(cc(c1)C(=O)Cc1ccccc1)[N+](=O)[O-])O)O,comt
151,CHEMBL160038,P22734,Inhibition,=,65.0,%,c1(c(c(cc(c1)C(=O)Cc1ccccc1)[N+](=O)[O-])O)O,comt
152,CHEMBL160038,P22734,Inhibition,=,70.0,%,c1(c(c(cc(c1)C(=O)Cc1ccccc1)[N+](=O)[O-])O)O,comt
153,CHEMBL160038,P22734,Inhibition,=,96.0,%,c1(c(c(cc(c1)C(=O)Cc1ccccc1)[N+](=O)[O-])O)O,comt
154,CHEMBL160038,P22734,Inhibition,=,99.0,%,c1(c(c(cc(c1)C(=O)Cc1ccccc1)[N+](=O)[O-])O)O,comt
155,CHEMBL160038,P22734,Inhibition,=,81.0,%,c1(c(c(cc(c1)C(=O)Cc1ccccc1)[N+](=O)[O-])O)O,comt
156,CHEMBL160038,P22734,IC50,=,3700.0,nM,c1(c(c(cc(c1)C(=O)Cc1ccccc1)[N+](=O)[O-])O)O,comt
157,CHEMBL160038,P22734,IC50,=,690.0,nM,c1(c(c(cc(c1)C(=O)Cc1ccccc1)[N+](=O)[O-])O)O,comt
158,CHEMBL160038,P22734,Inhibition,=,76.0,%,c1(c(c(cc(c1)C(=O)Cc1ccccc1)[N+](=O)[O-])O)O,comt
159,CHEMBL160038,P22734,Inhibition,=,22.0,%,c1(c(c(cc(c1)C(=O)Cc1ccccc1)[N+](=O)[O-])O)O,comt
160,CHEMBL160038,P22734,Inhibition,=,32.0,%,c1(c(c(cc(c1)C(=O)Cc1ccccc1)[N+](=O)[O-])O)O,comt
161,CHEMBL160038,P22734,IC50,=,696000.0,nM,c1(c(c(cc(c1)C(=O)Cc1ccccc1)[N+](=O)[O-])O)O,comt
162,CHEMBL160038,P22734,IC50,=,3.7,nM,c1(c(c(cc(c1)C(=O)Cc1ccccc1)[N+](=O)[O-])O)O,comt
163,CHEMBL160038,P22734,Inhibition,=,32.0,%,c1(c(c(cc(c1)C(=O)Cc1ccccc1)[N+](=O)[O-])O)O,comt
164,CHEMBL160038,P22734,Inhibition,=,65.0,%,c1(c(c(cc(c1)C(=O)Cc1ccccc1)[N+](=O)[O-])O)O,comt
165,CHEMBL160038,P22734,Inhibition,=,70.0,%,c1(c(c(cc(c1)C(=O)Cc1ccccc1)[N+](=O)[O-])O)O,comt
166,CHEMBL160038,P22734,Inhibition,=,96.0,%,c1(c(c(cc(c1)C(=O)Cc1ccccc1)[N+](=O)[O-])O)O,comt
167,CHEMBL160038,P22734,Inhibition,=,97.0,%,c1(c(c(cc(c1)C(=O)Cc1ccccc1)[N+](=O)[O-])O)O,comt
168,CHEMBL160038,P22734,Inhibition,=,22.0,%,c1(c(c(cc(c1)C(=O)Cc1ccccc1)[N+](=O)[O-])O)O,comt
169,CHEMBL160038,P22734,Inhibition,=,81.0,%,c1(c(c(cc(c1)C(=O)Cc1ccccc1)[N+](=O)[O-])O)O,comt
170,CHEMBL160038,P22734,Inhibition,=,84.0,%,c1(c(c(cc(c1)C(=O)Cc1ccccc1)[N+](=O)[O-])O)O,comt
171,CHEMBL160042,P22734,Inhibition,=,19.0,%,c1([N+](=O)[O-])c(c(cc(C(=O)C(c2ccccc2)(C)C)c1)OC(=O)C)OC(=O)C,comt
172,CHEMBL160042,P22734,Inhibition,=,9.0,%,c1([N+](=O)[O-])c(c(cc(C(=O)C(c2ccccc2)(C)C)c1)OC(=O)C)OC(=O)C,comt
173,CHEMBL160042,P22734,Inhibition,=,15.0,%,c1([N+](=O)[O-])c(c(cc(C(=O)C(c2ccccc2)(C)C)c1)OC(=O)C)OC(=O)C,comt
174,CHEMBL160042,P22734,Inhibition,=,23.0,%,c1([N+](=O)[O-])c(c(cc(C(=O)C(c2ccccc2)(C)C)c1)OC(=O)C)OC(=O)C,comt
175,CHEMBL160962,P22734,Inhibition,=,12.0,%,c1([N+](=O)[O-])c(c(cc(c1)CCc1ccccc1)O)O,comt
176,CHEMBL160962,P22734,Inhibition,=,16.0,%,c1([N+](=O)[O-])c(c(cc(c1)CCc1ccccc1)O)O,comt
177,CHEMBL160962,P22734,Inhibition,=,10.0,%,c1([N+](=O)[O-])c(c(cc(c1)CCc1ccccc1)O)O,comt
178,CHEMBL161783,P21964,Inhibition,=,28.0,%,c1([N+](=O)[O-])c(c(cc(c1)/C(=N\Nc1ccc([N+](=O)[O-])cc1)/Cc1ccccc1)O)O,comt
179,CHEMBL161799,P22734,Inhibition,=,71.0,%,c1([N+](=O)[O-])c(c(cc(c1)C(=O)CCc1ccccc1)O)O,comt
180,CHEMBL161799,P22734,Inhibition,=,98.0,%,c1([N+](=O)[O-])c(c(cc(c1)C(=O)CCc1ccccc1)O)O,comt
181,CHEMBL161799,P22734,Inhibition,=,33.0,%,c1([N+](=O)[O-])c(c(cc(c1)C(=O)CCc1ccccc1)O)O,comt
182,CHEMBL161799,P22734,Inhibition,=,40.0,%,c1([N+](=O)[O-])c(c(cc(c1)C(=O)CCc1ccccc1)O)O,comt
183,CHEMBL161799,P22734,Inhibition,=,95.0,%,c1([N+](=O)[O-])c(c(cc(c1)C(=O)CCc1ccccc1)O)O,comt
184,CHEMBL161799,P22734,Inhibition,=,98.0,%,c1([N+](=O)[O-])c(c(cc(c1)C(=O)CCc1ccccc1)O)O,comt
185,CHEMBL161799,P22734,Inhibition,=,1.0,%,c1([N+](=O)[O-])c(c(cc(c1)C(=O)CCc1ccccc1)O)O,comt
186,CHEMBL161799,P22734,Inhibition,=,60.0,%,c1([N+](=O)[O-])c(c(cc(c1)C(=O)CCc1ccccc1)O)O,comt
187,CHEMBL161799,P22734,Inhibition,=,86.0,%,c1([N+](=O)[O-])c(c(cc(c1)C(=O)CCc1ccccc1)O)O,comt
188,CHEMBL161799,P22734,Inhibition,=,90.0,%,c1([N+](=O)[O-])c(c(cc(c1)C(=O)CCc1ccccc1)O)O,comt
189,CHEMBL164043,P22734,Inhibition,=,36.0,%,c1([N+](=O)[O-])c(c(cc(c1)C(=O)CCCCc1ccccc1)O)O,comt
190,CHEMBL164043,P22734,Inhibition,=,99.0,%,c1([N+](=O)[O-])c(c(cc(c1)C(=O)CCCCc1ccccc1)O)O,comt
191,CHEMBL164043,P22734,Inhibition,=,-7.0,%,c1([N+](=O)[O-])c(c(cc(c1)C(=O)CCCCc1ccccc1)O)O,comt
192,CHEMBL164043,P22734,Inhibition,=,-6.0,%,c1([N+](=O)[O-])c(c(cc(c1)C(=O)CCCCc1ccccc1)O)O,comt
193,CHEMBL164043,P22734,Inhibition,=,-4.0,%,c1([N+](=O)[O-])c(c(cc(c1)C(=O)CCCCc1ccccc1)O)O,comt
194,CHEMBL164043,P22734,Inhibition,=,88.0,%,c1([N+](=O)[O-])c(c(cc(c1)C(=O)CCCCc1ccccc1)O)O,comt
195,CHEMBL164043,P22734,Inhibition,=,99.0,%,c1([N+](=O)[O-])c(c(cc(c1)C(=O)CCCCc1ccccc1)O)O,comt
196,CHEMBL164043,P22734,Inhibition,=,25.0,%,c1([N+](=O)[O-])c(c(cc(c1)C(=O)CCCCc1ccccc1)O)O,comt
197,CHEMBL164043,P22734,Inhibition,=,74.0,%,c1([N+](=O)[O-])c(c(cc(c1)C(=O)CCCCc1ccccc1)O)O,comt
198,CHEMBL164043,P22734,Inhibition,=,87.0,%,c1([N+](=O)[O-])c(c(cc(c1)C(=O)CCCCc1ccccc1)O)O,comt
199,CHEMBL166486,P22734,IC50,=,20.0,nM,c1([N+](=O)[O-])c(c(cc(c1)C=C(C#N)C#N)O)O,comt
200,CHEMBL166908,P22734,IC50,=,2300.0,nM,c1(C(F)(F)F)c(c(cc(c1)C=O)O)O,comt
201,CHEMBL167054,P22734,IC50,=,12.0,nM,c1([N+](=O)[O-])c(c(cc(/C=C(/C(=O)C)\C)c1)O)O,comt
202,CHEMBL167055,P22734,IC50,=,18.0,nM,c1([N+](=O)[O-])c(c(cc(C=C(C(=O)C)C(=O)C)c1)O)O,comt
203,CHEMBL167172,P22734,IC50,=,90.0,nM,C12(NC(=O)c3cc(c(c(c3)O)O)C#N)CC3CC(C2)CC(C1)C3,comt
204,CHEMBL168276,P22734,IC50,=,12.0,nM,c1(O)c(O)c([N+](=O)[O-])cc([N+](=O)[O-])c1,comt
205,CHEMBL168389,P22734,IC50,=,18.0,nM,c1([N+](=O)[O-])c(c(cc(/C=C(/C(=O)N(C)C)\C#N)c1)O)O,comt
206,CHEMBL168451,P22734,IC50,=,400.0,nM,C12(NC(=O)c3cc(c(c(c3)O)O)Cl)CC3CC(C2)CC(C1)C3,comt
207,CHEMBL168600,P22734,IC50,=,5.0,nM,c1([N+](=O)[O-])c(c(cc(c1)/C=C/C(=O)c1cc(c(c(c1)OC)OC)OC)O)O,comt
208,CHEMBL168818,P22734,IC50,=,8000.0,nM,c1(c(cc(cc1O)CCCCC(=O)O)Cl)O,comt
209,CHEMBL1688934,P21964,Km,=,5600.0,nM,C1O[C@@H]([C@@H]2[C@H]1[C@H](OC2)c1cc(c(cc1)O)O)c1cc2c(cc1)OCO2,comt
210,CHEMBL1688934,P21964,Vmax,=,1.3,nmol/min,C1O[C@@H]([C@@H]2[C@H]1[C@H](OC2)c1cc(c(cc1)O)O)c1cc2c(cc1)OCO2,comt
211,CHEMBL1688934,P22734,Vmax,=,3.3,nmol/min,C1O[C@@H]([C@@H]2[C@H]1[C@H](OC2)c1cc(c(cc1)O)O)c1cc2c(cc1)OCO2,comt
212,CHEMBL1688934,P22734,Km,=,9200.0,nM,C1O[C@@H]([C@@H]2[C@H]1[C@H](OC2)c1cc(c(cc1)O)O)c1cc2c(cc1)OCO2,comt
213,CHEMBL169033,P22734,IC50,=,16.0,nM,c1([N+](=O)[O-])c(c(cc(c1)C(=O)C)O)O,comt
214,CHEMBL169208,P22734,IC50,=,12000.0,nM,c1(C(=O)NC23CC4CC(C2)CC(C3)C4)c(c(c(cc1)O)O)Cl,comt
215,CHEMBL169465,P22734,IC50,=,160.0,nM,c1(c(c(cc(c1)C=O)O)O)C#N,comt
216,CHEMBL169679,P22734,IC50,=,2700.0,nM,c1(C(=O)NC23CC4CC(C3)CC(C2)C4)c(cc(c(c1)O)O)Cl,comt
217,CHEMBL169891,P22734,IC50,=,30.0,nM,c1([N+](=O)[O-])c(c(cc(c1)C#N)O)O,comt
218,CHEMBL169926,P22734,IC50,=,6.0,nM,c1([N+](=O)[O-])c(c(cc(c1)/C=C/C(=O)c1ccccc1)O)O,comt
219,CHEMBL170549,P22734,IC50,=,620.0,nM,c1([N+](=O)[O-])c(c(cc(c1)C(=O)O)O)O,comt
220,CHEMBL1766969,P22734,Kis,=,196.0,uM,c1(c(cc2c(c1)CNCC2)O)O.Br,comt
221,CHEMBL1766969,P22734,Vmax,=,15.5,nmol/mg/min,c1(c(cc2c(c1)CNCC2)O)O.Br,comt
222,CHEMBL1766969,P22734,Km,=,540000.0,nM,c1(c(cc2c(c1)CNCC2)O)O.Br,comt
223,CHEMBL177270,P21964,Inhibition,=,37.0,%,c1(c(cc2c(c1[N+](=O)[O-])/C(=N/O)/CCC2)O)O,comt
224,CHEMBL177507,P21964,Inhibition,=,61.0,%,c1(c(cc2c(c1[N+](=O)[O-])/C(=N/O)/CC2)O)O,comt
225,CHEMBL1788402,P22734,IC50,=,7079.46,nM,S(=O)(=O)(c1c2c(c(c(c1)I)O)nccc2)O,comt
226,CHEMBL197115,P21964,Inhibition,=,98.0,%,c1(c(ccc(c1[N+](=O)[O-])C(=O)Cc1ccccc1)O)O,comt
227,CHEMBL197115,P22734,Inhibition,=,73.0,%,c1(c(ccc(c1[N+](=O)[O-])C(=O)Cc1ccccc1)O)O,comt
228,CHEMBL197115,P22734,Inhibition,=,88.0,%,c1(c(ccc(c1[N+](=O)[O-])C(=O)Cc1ccccc1)O)O,comt
229,CHEMBL197115,P22734,Inhibition,=,48.0,%,c1(c(ccc(c1[N+](=O)[O-])C(=O)Cc1ccccc1)O)O,comt
230,CHEMBL197115,P22734,Inhibition,=,-9.0,%,c1(c(ccc(c1[N+](=O)[O-])C(=O)Cc1ccccc1)O)O,comt
231,CHEMBL197115,P22734,Inhibition,=,48.0,%,c1(c(ccc(c1[N+](=O)[O-])C(=O)Cc1ccccc1)O)O,comt
232,CHEMBL197115,P22734,Inhibition,=,98.0,%,c1(c(ccc(c1[N+](=O)[O-])C(=O)Cc1ccccc1)O)O,comt
233,CHEMBL197115,P22734,Inhibition,=,75.0,%,c1(c(ccc(c1[N+](=O)[O-])C(=O)Cc1ccccc1)O)O,comt
234,CHEMBL197115,P22734,IC50,=,3000.0,nM,c1(c(ccc(c1[N+](=O)[O-])C(=O)Cc1ccccc1)O)O,comt
235,CHEMBL197115,P22734,IC50,=,130.0,nM,c1(c(ccc(c1[N+](=O)[O-])C(=O)Cc1ccccc1)O)O,comt
236,CHEMBL197115,P22734,Inhibition,=,21.0,%,c1(c(ccc(c1[N+](=O)[O-])C(=O)Cc1ccccc1)O)O,comt
237,CHEMBL197115,P22734,Inhibition,=,-2.3,%,c1(c(ccc(c1[N+](=O)[O-])C(=O)Cc1ccccc1)O)O,comt
238,CHEMBL197115,P22734,Inhibition,=,7.0,%,c1(c(ccc(c1[N+](=O)[O-])C(=O)Cc1ccccc1)O)O,comt
239,CHEMBL1979095,P22734,IC50,=,2754.23,nM,Ic1c(O)c2ncccc2c(c1)C(=O)C,comt
240,CHEMBL198628,P21964,Inhibition,=,76.0,%,c1(c(ccc(c1[N+](=O)[O-])C(=O)CCc1ccccc1)O)O,comt
241,CHEMBL198628,P22734,Inhibition,=,92.0,%,c1(c(ccc(c1[N+](=O)[O-])C(=O)CCc1ccccc1)O)O,comt
242,CHEMBL198628,P22734,Inhibition,=,81.0,%,c1(c(ccc(c1[N+](=O)[O-])C(=O)CCc1ccccc1)O)O,comt
243,CHEMBL198628,P22734,Inhibition,=,63.0,%,c1(c(ccc(c1[N+](=O)[O-])C(=O)CCc1ccccc1)O)O,comt
244,CHEMBL198628,P22734,Inhibition,=,-26.0,%,c1(c(ccc(c1[N+](=O)[O-])C(=O)CCc1ccccc1)O)O,comt
245,CHEMBL198628,P22734,Inhibition,=,38.0,%,c1(c(ccc(c1[N+](=O)[O-])C(=O)CCc1ccccc1)O)O,comt
246,CHEMBL198628,P22734,Inhibition,=,94.0,%,c1(c(ccc(c1[N+](=O)[O-])C(=O)CCc1ccccc1)O)O,comt
247,CHEMBL198628,P22734,Inhibition,=,81.0,%,c1(c(ccc(c1[N+](=O)[O-])C(=O)CCc1ccccc1)O)O,comt
248,CHEMBL198628,P22734,IC50,=,4000.0,nM,c1(c(ccc(c1[N+](=O)[O-])C(=O)CCc1ccccc1)O)O,comt
249,CHEMBL198628,P22734,IC50,=,2000.0,nM,c1(c(ccc(c1[N+](=O)[O-])C(=O)CCc1ccccc1)O)O,comt
250,CHEMBL198628,P22734,Inhibition,=,8.0,%,c1(c(ccc(c1[N+](=O)[O-])C(=O)CCc1ccccc1)O)O,comt
251,CHEMBL198628,P22734,Inhibition,=,1.6,%,c1(c(ccc(c1[N+](=O)[O-])C(=O)CCc1ccccc1)O)O,comt
252,CHEMBL198628,P22734,Inhibition,=,35.0,%,c1(c(ccc(c1[N+](=O)[O-])C(=O)CCc1ccccc1)O)O,comt
253,CHEMBL214321,P22734,Km,=,2920.0,nM,c12c(=O)cc(oc1cc(O)cc2O)c1cc(c(cc1)O)OC,comt
254,CHEMBL214321,P22734,Km,=,1060.0,nM,c12c(=O)cc(oc1cc(O)cc2O)c1cc(c(cc1)O)OC,comt
255,CHEMBL214321,P22734,Km,=,2390.0,nM,c12c(=O)cc(oc1cc(O)cc2O)c1cc(c(cc1)O)OC,comt
256,CHEMBL214321,P22734,Km,=,3450.0,nM,c12c(=O)cc(oc1cc(O)cc2O)c1cc(c(cc1)O)OC,comt
257,CHEMBL214321,P22734,Km,=,3540.0,nM,c12c(=O)cc(oc1cc(O)cc2O)c1cc(c(cc1)O)OC,comt
258,CHEMBL214321,P22734,Vmax/Km,=,4.3,ml/min,c12c(=O)cc(oc1cc(O)cc2O)c1cc(c(cc1)O)OC,comt
259,CHEMBL214321,P22734,Vmax/Km,=,23.4,ml/min,c12c(=O)cc(oc1cc(O)cc2O)c1cc(c(cc1)O)OC,comt
260,CHEMBL214321,P22734,Vmax/Km,=,15.4,ml/min,c12c(=O)cc(oc1cc(O)cc2O)c1cc(c(cc1)O)OC,comt
261,CHEMBL214321,P22734,Vmax/Km,=,42.0,ml/min,c12c(=O)cc(oc1cc(O)cc2O)c1cc(c(cc1)O)OC,comt
262,CHEMBL214321,P22734,Vmax/Km,=,76.6,ml/min,c12c(=O)cc(oc1cc(O)cc2O)c1cc(c(cc1)O)OC,comt
263,CHEMBL214321,P22734,Vmax,=,12.3,nmol/min,c12c(=O)cc(oc1cc(O)cc2O)c1cc(c(cc1)O)OC,comt
264,CHEMBL214321,P22734,Vmax,=,24.7,nmol/min,c12c(=O)cc(oc1cc(O)cc2O)c1cc(c(cc1)O)OC,comt
265,CHEMBL214321,P22734,Vmax,=,36.7,nmol/min,c12c(=O)cc(oc1cc(O)cc2O)c1cc(c(cc1)O)OC,comt
266,CHEMBL214321,P22734,Vmax,=,144.0,nmol/min,c12c(=O)cc(oc1cc(O)cc2O)c1cc(c(cc1)O)OC,comt
267,CHEMBL214321,P22734,Vmax,=,271.0,nmol/min,c12c(=O)cc(oc1cc(O)cc2O)c1cc(c(cc1)O)OC,comt
268,CHEMBL2206397,P21964,Inhibition,=,3.0,%,c1(cccc(c1Cc1[nH]ccn1)CC)CC,comt
269,CHEMBL221675,P21964,Inhibition,=,75.0,%,c1(c(c(cc(c1)C(=O)CN1CCN(CC1)CC)[N+](=O)[O-])O)O,comt
270,CHEMBL221726,P21964,Inhibition,=,99.0,%,c1(c(c(cc(c1)C(=O)CCN1CCN(CC1)C(=O)c1ccccc1)[N+](=O)[O-])O)O,comt
271,CHEMBL221766,P21964,Inhibition,=,84.0,%,C12(OCCO1)CCN(CC(=O)c1cc(c(c(c1)O)O)[N+](=O)[O-])CC2,comt
272,CHEMBL221776,P21964,Inhibition,=,81.0,%,c1(c(c(cc(c1)C(=O)CCN1CCN(CC1)C)[N+](=O)[O-])O)O,comt
273,CHEMBL221820,P21964,Inhibition,=,87.0,%,c1(c(c(cc(c1)C(=O)COc1ccc(cc1)OC)[N+](=O)[O-])O)O,comt
274,CHEMBL221933,P21964,Inhibition,=,95.0,%,c1(c(c(cc(c1)C(=O)COc1cc(c(cc1)C)C)[N+](=O)[O-])O)O,comt
275,CHEMBL222137,P21964,Inhibition,=,94.0,%,c1(c(c(cc(c1)C(=O)COc1c(cccc1)F)[N+](=O)[O-])O)O,comt
276,CHEMBL222140,P21964,Inhibition,=,99.0,%,c1(c(c(cc(c1)C(=O)COc1ccc2c(c1)cc(cc2)OC)[N+](=O)[O-])O)O,comt
277,CHEMBL222183,P21964,Inhibition,=,85.0,%,c1(c(c(cc(c1)C(=O)CCSc1ncc(cn1)C)[N+](=O)[O-])O)O,comt
278,CHEMBL222243,P21964,Inhibition,=,95.0,%,c1(c(c(cc(c1)C(=O)CCN1CCN(CC1)c1ccccc1Cl)[N+](=O)[O-])O)O,comt
279,CHEMBL222243,P21964,Inhibition,=,100.0,%,c1(c(c(cc(c1)C(=O)CCN1CCN(CC1)c1ccccc1Cl)[N+](=O)[O-])O)O,comt
280,CHEMBL222408,P21964,Inhibition,=,81.0,%,c1(c(c(cc(c1)C(=O)CCN1CCN(CC1)c1ccccc1OC)[N+](=O)[O-])O)O,comt
281,CHEMBL222435,P21964,Inhibition,=,94.0,%,C12(OCCO1)CCN(CCC(=O)c1cc(c(c(c1)O)O)[N+](=O)[O-])CC2,comt
282,CHEMBL222484,P21964,Inhibition,=,95.0,%,c1(c(c(cc(c1)C(=O)CCN1CCN(CC1)c1ccc(cc1)F)[N+](=O)[O-])O)O,comt
283,CHEMBL222485,P21964,Inhibition,=,98.0,%,c1(c(c(cc(c1)C(=O)COc1ccc2c(c1)cccc2)[N+](=O)[O-])O)O,comt
284,CHEMBL222742,P21964,Inhibition,=,89.0,%,c1(c(c(cc(c1)C(=O)CCN(C)C)[N+](=O)[O-])O)O,comt
285,CHEMBL222743,P21964,Inhibition,=,87.0,%,c1(c(c(cc(c1)C(=O)CN1CCN(CC1)c1ccccc1)[N+](=O)[O-])O)O,comt
286,CHEMBL222793,P21964,Inhibition,=,95.0,%,c1(c(c(cc(c1)C(=O)CCN1CCN(CC1)c1ccccc1)[N+](=O)[O-])O)O,comt
287,CHEMBL223212,P21964,Inhibition,=,71.0,%,c1(c(c(cc(c1)C(=O)CN1CCN(CC1)C)[N+](=O)[O-])O)O,comt
288,CHEMBL223448,P22734,IC50,=,4073.8,nM,c1(cc(c2c(c1O)nccc2)Br)Br,comt
289,CHEMBL223697,P21964,Inhibition,=,87.0,%,c1(c(c(cc(c1)C(=O)CN1CCSCC1)[N+](=O)[O-])O)O,comt
290,CHEMBL223698,P21964,Inhibition,=,93.0,%,c1(c(c(cc(c1)C(=O)CCN1CCSCC1)[N+](=O)[O-])O)O,comt
291,CHEMBL225164,P22734,IC50,=,23442.29,nM,c1cc(c2c(c1Cl)cccn2)O,comt
292,CHEMBL2407598,P22734,IC50,=,19498.45,nM,S(=O)(=O)(O)c1c2c(nccc2)c(O)cc1,comt
293,CHEMBL241898,P22734,IC50,=,223872.11,nM,c1c(c(c2c(c1[N+](=O)[O-])cccn2)O)[N+](=O)[O-],comt
294,CHEMBL265218,P22734,IC50,=,3.0,nM,c1([N+](=O)[O-])c(c(cc(/C=C\2/C(=O)/C(=C/c3cc([N+](=O)[O-])c(c(c3)O)O)/CC2)c1)O)O,comt
295,CHEMBL269563,P21964,Inhibition,=,94.0,%,c1(c(ccc(c1[N+](=O)[O-])C(=O)CCN1CCN(CC1)c1cc(ccc1)C(F)(F)F)O)O,comt
296,CHEMBL269563,P22734,Inhibition,=,91.0,%,c1(c(ccc(c1[N+](=O)[O-])C(=O)CCN1CCN(CC1)c1cc(ccc1)C(F)(F)F)O)O,comt
297,CHEMBL269563,P22734,Inhibition,=,78.0,%,c1(c(ccc(c1[N+](=O)[O-])C(=O)CCN1CCN(CC1)c1cc(ccc1)C(F)(F)F)O)O,comt
298,CHEMBL269563,P22734,Inhibition,=,36.0,%,c1(c(ccc(c1[N+](=O)[O-])C(=O)CCN1CCN(CC1)c1cc(ccc1)C(F)(F)F)O)O,comt
299,CHEMBL269563,P22734,Inhibition,=,17.0,%,c1(c(ccc(c1[N+](=O)[O-])C(=O)CCN1CCN(CC1)c1cc(ccc1)C(F)(F)F)O)O,comt
300,CHEMBL277041,P21964,Ki,>,5400000.0,nM,CSC[C@H]1O[C@H]([C@H](O)[C@@H]1O)n1cnc2c(N)ncnc12,comt
301,CHEMBL303916,P22734,Residual activity,=,242.0,c.p.m.,c12c(cc(c(c2)O)O)c(c[nH]1)CCN,comt
302,CHEMBL303916,P22734,Residual activity,=,232.0,c.p.m.,c12c(cc(c(c2)O)O)c(c[nH]1)CCN,comt
303,CHEMBL303916,P22734,Ki,=,328000.0,nM,c12c(cc(c(c2)O)O)c(c[nH]1)CCN,comt
304,CHEMBL303916,P22734,K2,=,0.086,min-1,c12c(cc(c(c2)O)O)c(c[nH]1)CCN,comt
305,CHEMBL303916,P22734,Residual activity,=,89.0,%,c12c(cc(c(c2)O)O)c(c[nH]1)CCN,comt
306,CHEMBL310555,P22734,IC50,=,21379.62,nM,c1(cccc2c1nccc2)O,comt
307,CHEMBL3246539,P22734,Inhibition,=,26.0,%,n1cnc2c(c1N)ncn2[C@H](O[C@@H](CO)CSCC[C@@H](N)C(=O)O)CO,comt
308,CHEMBL3246540,P22734,Inhibition,=,25.0,%,n1cnc2c(c1N)ncn2[C@H](O[C@@H](CO)CSCC[C@H](N)C(=O)O)CO,comt
309,CHEMBL3246540,P22734,Inhibition,=,2.0,%,n1cnc2c(c1N)ncn2[C@H](O[C@@H](CO)CSCC[C@H](N)C(=O)O)CO,comt
310,CHEMBL3246541,P22734,Inhibition,=,5.0,%,C([C@@H](N)C(=O)O)SC[C@H]1O[C@@H](n2c3ncnc(c3nc2)N)[C@@H]([C@@H]1O)O,comt
311,CHEMBL3246542,P22734,Inhibition,=,12.0,%,C([C@@H](N)C(=O)O)SC[C@@H](O[C@@H](n1c2ncnc(c2nc1)N)CO)CO,comt
312,CHEMBL3246543,P22734,Inhibition,=,42.0,%,n1cnc2c(c1N)ncn2[C@@H]1O[C@@H]([C@H]([C@H]1O)O)C[S+](CC[C@@H](N)C(=O)O)[O-],comt
313,CHEMBL3246543,P22734,Inhibition,=,14.0,%,n1cnc2c(c1N)ncn2[C@@H]1O[C@@H]([C@H]([C@H]1O)O)C[S+](CC[C@@H](N)C(=O)O)[O-],comt
314,CHEMBL3246544,P22734,Inhibition,=,22.0,%,n1cnc2c(c1N)ncn2[C@H](O[C@@H](CO)C[S+](CC[C@@H](N)C(=O)O)[O-])CO,comt
315,CHEMBL3246544,P22734,Inhibition,=,5.0,%,n1cnc2c(c1N)ncn2[C@H](O[C@@H](CO)C[S+](CC[C@@H](N)C(=O)O)[O-])CO,comt
316,CHEMBL3246545,P22734,Inhibition,=,6.0,%,n1nnc2c(c1N)ncn2[C@@H]1O[C@@H]([C@H]([C@H]1O)O)CSCC[C@@H](N)C(=O)O,comt
317,CHEMBL3246545,P22734,Inhibition,=,3.0,%,n1nnc2c(c1N)ncn2[C@@H]1O[C@@H]([C@H]([C@H]1O)O)CSCC[C@@H](N)C(=O)O,comt
318,CHEMBL3246546,P22734,Inhibition,=,5.0,%,n1nnc2c(c1N)ncn2[C@H](O[C@@H](CO)CSCC[C@@H](N)C(=O)O)CO,comt
319,CHEMBL3246546,P22734,Inhibition,=,4.0,%,n1nnc2c(c1N)ncn2[C@H](O[C@@H](CO)CSCC[C@@H](N)C(=O)O)CO,comt
320,CHEMBL3246547,P22734,Inhibition,=,28.0,%,n1cnc2c(c1N)nnn2[C@@H]1O[C@@H]([C@H]([C@H]1O)O)CSCC[C@@H](N)C(=O)O,comt
321,CHEMBL3246547,P22734,Inhibition,=,5.0,%,n1cnc2c(c1N)nnn2[C@@H]1O[C@@H]([C@H]([C@H]1O)O)CSCC[C@@H](N)C(=O)O,comt
322,CHEMBL3246548,P22734,Inhibition,=,17.0,%,n1cnc2c(c1N)nnn2[C@H](O[C@@H](CO)CSCC[C@@H](N)C(=O)O)CO,comt
323,CHEMBL3246549,P22734,Inhibition,=,14.0,%,n1cnc2c(c1N)ncn2[C@H](O[C@@H](CO)C[S+](CC[C@@H](N)C(=O)O)C)CO,comt
324,CHEMBL3246549,P22734,Inhibition,=,7.0,%,n1cnc2c(c1N)ncn2[C@H](O[C@@H](CO)C[S+](CC[C@@H](N)C(=O)O)C)CO,comt
325,CHEMBL3251395,P22734,IC50,=,33884.42,nM,c1cc(c2c(c1C(=O)C)cccn2)O,comt
326,CHEMBL3251399,P22734,IC50,=,13182.57,nM,c1cc(c2c(c1CC#N)cccn2)O,comt
327,CHEMBL326815,P21964,IC50,=,18000.0,nM,c1cn(c(c(c1=O)O)C)c1ccccc1,comt
328,CHEMBL326942,P21964,Inhibition,=,83.0,%,c1(c(cc2c(c1[N+](=O)[O-])C(=O)C(C2)CN1CCN(CC1)c1cccc(c1)C(F)(F)F)O)O,comt
329,CHEMBL327180,P22734,Kis,=,394.0,uM,c1(c(cc(C(=O)O)cc1O)Cl)OC,comt
330,CHEMBL3273136,P22734,Kis,=,191.0,uM,[Br-].C[N+]1(C)Cc2cc(c(cc2CC1)O)O,comt
331,CHEMBL3273137,P22734,Kis,=,259.0,uM,Br.CC1(C)c2cc(c(cc2CNC1)O)O,comt
332,CHEMBL3273137,P22734,Vmax,=,17.4,nmol/mg/min,Br.CC1(C)c2cc(c(cc2CNC1)O)O,comt
333,CHEMBL3273137,P22734,Km,=,310000.0,nM,Br.CC1(C)c2cc(c(cc2CNC1)O)O,comt
334,CHEMBL3273138,P22734,Kis,=,187.0,uM,Br.CC1(C)c2cc(c(cc2CN(C1)C)O)O,comt
335,CHEMBL3273138,P22734,Vmax,=,12.1,nmol/mg/min,Br.CC1(C)c2cc(c(cc2CN(C1)C)O)O,comt
336,CHEMBL3273138,P22734,Km,=,410000.0,nM,Br.CC1(C)c2cc(c(cc2CN(C1)C)O)O,comt
337,CHEMBL3273139,P22734,Kis,=,101.0,uM,c1(c(cc2c(c1)C(CN(C2)C)C)O)O.Br,comt
338,CHEMBL3273139,P22734,Vmax,=,21.2,nmol/mg/min,c1(c(cc2c(c1)C(CN(C2)C)C)O)O.Br,comt
339,CHEMBL3273139,P22734,Km,=,754000.0,nM,c1(c(cc2c(c1)C(CN(C2)C)C)O)O.Br,comt
340,CHEMBL3273167,P21964,Inhibition,=,25.0,%,c1(cccc(c1O)C(CN)O)O.Br,comt
341,CHEMBL3273167,P21964,Activity,<,5.0,%,c1(cccc(c1O)C(CN)O)O.Br,comt
342,CHEMBL3273175,P22734,Inhibition,=,71.0,%,n1(c2c(nc1)c(ncn2)N)[C@H]1[C@@H]([C@@H]([C@H](CSCC[C@H](N)C(=O)O)C1)O)O,comt
343,CHEMBL3273175,P22734,Kis,=,168.0,uM,n1(c2c(nc1)c(ncn2)N)[C@H]1[C@@H]([C@@H]([C@H](CSCC[C@H](N)C(=O)O)C1)O)O,comt
344,CHEMBL3273857,P22734,IC50,=,107151.93,nM,n1cccc2c(ccc(c12)O)O,comt
345,CHEMBL3274778,P22734,IC50,=,19054.61,nM,n1cccc2c(ccc(c12)O)COC(=O)C,comt
346,CHEMBL3274779,P22734,IC50,=,16595.87,nM,n1cccc2c(ccc(c12)O)CCOC(=O)C,comt
347,CHEMBL3274780,P22734,IC50,=,51286.14,nM,n1cccc2c(ccc(c12)O)CC,comt
348,CHEMBL3274781,P22734,IC50,=,58884.37,nM,n1cccc2c(ccc(c12)O)CCC,comt
349,CHEMBL327556,P22734,Kis,=,589.0,uM,c1(c(c(cc(C(=O)O)c1)O)OC)C#N,comt
350,CHEMBL327556,P22734,Kii,=,571.0,uM,c1(c(c(cc(C(=O)O)c1)O)OC)C#N,comt
351,CHEMBL327667,P22734,Kis,=,31.8,uM,c1(c(cc(cc1O)C=O)Br)OC,comt
352,CHEMBL327667,P22734,Kii,=,16.5,uM,c1(c(cc(cc1O)C=O)Br)OC,comt
353,CHEMBL3277957,P21964,Inhibition,=,20.0,%,C(=O)(C(N)CCNC[C@@H]1[C@@H](O)[C@@H](O)[C@@H](O1)n1cnc2c(N)ncnc12)O,comt
354,CHEMBL3277957,P21964,Inhibition,=,12.0,%,C(=O)(C(N)CCNC[C@@H]1[C@@H](O)[C@@H](O)[C@@H](O1)n1cnc2c(N)ncnc12)O,comt
355,CHEMBL3277958,P21964,Inhibition,=,20.0,%,C(=O)([C@@H]([NH3+])CC(=O)NC[C@@H]1[C@@H](O)[C@@H](O)[C@@H](O1)n1cnc2c(N)ncnc12)[O-],comt
356,CHEMBL3277958,P21964,Inhibition,=,12.0,%,C(=O)([C@@H]([NH3+])CC(=O)NC[C@@H]1[C@@H](O)[C@@H](O)[C@@H](O1)n1cnc2c(N)ncnc12)[O-],comt
357,CHEMBL3277959,P21964,Inhibition,=,19.0,%,C(=O)([C@@H]([NH3+])CCC(=O)NC[C@@H]1[C@@H](O)[C@@H](O)[C@@H](O1)n1cnc2c(N)ncnc12)[O-],comt
358,CHEMBL3277959,P21964,Inhibition,=,11.0,%,C(=O)([C@@H]([NH3+])CCC(=O)NC[C@@H]1[C@@H](O)[C@@H](O)[C@@H](O1)n1cnc2c(N)ncnc12)[O-],comt
359,CHEMBL3289429,P21964,Kd,=,251188.64,nM,c1(nc(sc1c1n[nH]cn1)C)C(F)(F)F,comt
360,CHEMBL3289429,P21964,Ki,=,251188.64,nM,c1(nc(sc1c1n[nH]cn1)C)C(F)(F)F,comt
361,CHEMBL3289429,P21964,Ki,=,251000.0,nM,c1(nc(sc1c1n[nH]cn1)C)C(F)(F)F,comt
362,CHEMBL3289430,P21964,Delta Tm,=,6.1,degrees C,c1(nn(cc1c1n[nH]cc1)C)C,comt
363,CHEMBL3289430,P21964,Delta Tm,=,5.7,degrees C,c1(nn(cc1c1n[nH]cc1)C)C,comt
364,CHEMBL3289430,P21964,Kd,=,31622.78,nM,c1(nn(cc1c1n[nH]cc1)C)C,comt
365,CHEMBL3289430,P21964,Ki,=,15848.93,nM,c1(nn(cc1c1n[nH]cc1)C)C,comt
366,CHEMBL3289430,P21964,Ki,=,6300.0,nM,c1(nn(cc1c1n[nH]cc1)C)C,comt
367,CHEMBL3289430,P22734,Ki,=,158000.0,nM,c1(nn(cc1c1n[nH]cc1)C)C,comt
368,CHEMBL3289430,P22734,Ki,=,158489.32,nM,c1(nn(cc1c1n[nH]cc1)C)C,comt
369,CHEMBL3289431,P21964,Delta Tm,=,6.6,degrees C,n1(nccc1c1n[nH]cc1)C,comt
370,CHEMBL3289431,P21964,Delta Tm,=,4.1,degrees C,n1(nccc1c1n[nH]cc1)C,comt
371,CHEMBL3289431,P21964,Kd,=,63095.73,nM,n1(nccc1c1n[nH]cc1)C,comt
372,CHEMBL3289431,P21964,Ki,=,25118.86,nM,n1(nccc1c1n[nH]cc1)C,comt
373,CHEMBL3289431,P21964,Ki,=,25000.0,nM,n1(nccc1c1n[nH]cc1)C,comt
374,CHEMBL3289432,P21964,FC,=,3.0,Unspecified,c1(nc(sc1c1n[nH]cc1)C)C,comt
375,CHEMBL3289432,P21964,Delta Tm,=,4.2,degrees C,c1(nc(sc1c1n[nH]cc1)C)C,comt
376,CHEMBL3289432,P21964,Delta Tm,=,2.4,degrees C,c1(nc(sc1c1n[nH]cc1)C)C,comt
377,CHEMBL3289432,P21964,Kd,=,25118.86,nM,c1(nc(sc1c1n[nH]cc1)C)C,comt
378,CHEMBL3289432,P21964,Ki,=,7900.0,nM,c1(nc(sc1c1n[nH]cc1)C)C,comt
379,CHEMBL3289432,P21964,Ki,=,7943.28,nM,c1(nc(sc1c1n[nH]cc1)C)C,comt
380,CHEMBL342283,P22734,Inhibition,=,10.0,%,n1(c2c(nc1)c(ncn2)N)C1C(C(C(C1)CSCCC(C(=O)O)N)O)O,comt
381,CHEMBL342283,P22734,Inhibition,=,4.0,%,n1(c2c(nc1)c(ncn2)N)C1C(C(C(C1)CSCCC(C(=O)O)N)O)O,comt
382,CHEMBL342283,P22734,Inhibition,=,9.0,%,n1(c2c(nc1)c(ncn2)N)C1C(C(C(C1)CSCCC(C(=O)O)N)O)O,comt
383,CHEMBL342283,P22734,Inhibition,=,3.0,%,n1(c2c(nc1)c(ncn2)N)C1C(C(C(C1)CSCCC(C(=O)O)N)O)O,comt
384,CHEMBL342328,P22734,Inhibition,=,2.0,%,n1(c2c(nc1)c(ncn2)NC)C1C(C(C(C1)CSCCC(C(=O)O)N)O)O,comt
385,CHEMBL3425513,P21964,IC50,=,4500.0,nM,c1(cn(c(cc1=O)CO)CCCc1ccccc1)O,comt
386,CHEMBL3425721,P21964,IC50,=,400.0,nM,c1(cn2c(cc1=O)CSc1c2cccc1)O,comt
387,CHEMBL3425722,P21964,IC50,=,860.0,nM,c1(cnc([nH]c1=O)c1cccs1)O,comt
388,CHEMBL3425723,P21964,IC50,=,2100.0,nM,c1(cc(c(n(c1=O)C)c1ccncc1)c1ccc(cc1)OC)O,comt
389,CHEMBL3425724,P21964,IC50,>,10000.0,nM,c1(cn(c(cc1=O)CO)CCOC)O,comt
390,CHEMBL3425725,P21964,IC50,=,3400.0,nM,c1(cn(c(cc1=O)CO)c1ccccc1)O,comt
391,CHEMBL3425726,P21964,IC50,=,2400.0,nM,c1(cn(ccc1=O)c1ccccc1)O,comt
392,CHEMBL3425727,P21964,IC50,=,1700.0,nM,c1(cn(c(cc1=O)CO)c1ccc(cc1)C)O,comt
393,CHEMBL3425728,P21964,IC50,=,5800.0,nM,c1(cn(c(cc1=O)CO)c1c(cc(cc1)C)C)O,comt
394,CHEMBL3425729,P21964,IC50,=,680.0,nM,c1(cn(c(cc1=O)CO)c1cc(cc(c1)C)C)O,comt
395,CHEMBL3425730,P21964,IC50,=,5500.0,nM,c1(c(n(ccc1=O)c1cc(cc(c1)C)C)C)O,comt
396,CHEMBL3425731,P21964,IC50,=,160.0,nM,c1(cn(c(cc1=O)CO)c1ccc(cc1)CCCC)O,comt
397,CHEMBL3425732,P21964,IC50,=,140.0,nM,c1(cn(c(cc1=O)CO)c1ccc(cc1)c1ccccc1)O,comt
398,CHEMBL3425733,P21964,IC50,=,140.0,nM,c1(cn(c(cc1=O)CO)c1cc(ccc1)c1ccccc1)O,comt
399,CHEMBL3425734,P21964,IC50,=,1100.0,nM,c1(cn(ccc1=O)c1cc(ccc1)c1ccccc1)O,comt
400,CHEMBL3425734,P21964,IC50,=,47.0,nM,c1(cn(ccc1=O)c1cc(ccc1)c1ccccc1)O,comt
401,CHEMBL3425734,P22734,IC50,=,16.0,nM,c1(cn(ccc1=O)c1cc(ccc1)c1ccccc1)O,comt
402,CHEMBL3425735,P21964,IC50,=,2100.0,nM,c1(cn(c(cc1=O)C)c1cc(ccc1)c1ccccc1)O,comt
403,CHEMBL3425735,P21964,IC50,=,53.0,nM,c1(cn(c(cc1=O)C)c1cc(ccc1)c1ccccc1)O,comt
404,CHEMBL3425736,P21964,IC50,=,2500.0,nM,c1(cn(c(cc1=O)c1ccccc1)c1cc(ccc1)c1ccccc1)O,comt
405,CHEMBL3425736,P21964,IC50,=,87.0,nM,c1(cn(c(cc1=O)c1ccccc1)c1cc(ccc1)c1ccccc1)O,comt
406,CHEMBL3425737,P21964,IC50,=,1500.0,nM,c1(cn(c(cc1=O)C(C)C)c1cc(ccc1)c1ccccc1)O,comt
407,CHEMBL3425737,P21964,IC50,=,410.0,nM,c1(cn(c(cc1=O)C(C)C)c1cc(ccc1)c1ccccc1)O,comt
408,CHEMBL3425737,P22734,IC50,=,77.0,nM,c1(cn(c(cc1=O)C(C)C)c1cc(ccc1)c1ccccc1)O,comt
409,CHEMBL3425738,P21964,IC50,=,940.0,nM,c1(cn(c(cc1=O)C(O)C)c1cc(ccc1)c1ccccc1)O,comt
410,CHEMBL3425738,P21964,IC50,=,1400.0,nM,c1(cn(c(cc1=O)C(O)C)c1cc(ccc1)c1ccccc1)O,comt
411,CHEMBL3425738,P21964,IC50,=,99.0,nM,c1(cn(c(cc1=O)C(O)C)c1cc(ccc1)c1ccccc1)O,comt
412,CHEMBL3425738,P21964,IC50,=,61.0,nM,c1(cn(c(cc1=O)C(O)C)c1cc(ccc1)c1ccccc1)O,comt
413,CHEMBL3425738,P22734,IC50,=,85.0,nM,c1(cn(c(cc1=O)C(O)C)c1cc(ccc1)c1ccccc1)O,comt
414,CHEMBL3425738,P22734,IC50,=,57.0,nM,c1(cn(c(cc1=O)C(O)C)c1cc(ccc1)c1ccccc1)O,comt
415,CHEMBL3425739,P21964,IC50,=,1300.0,nM,c1(cn(c(cc1=O)C(O)c1ccccc1)c1cc(ccc1)c1ccccc1)O,comt
416,CHEMBL3425739,P21964,IC50,=,88.0,nM,c1(cn(c(cc1=O)C(O)c1ccccc1)c1cc(ccc1)c1ccccc1)O,comt
417,CHEMBL3425739,P22734,IC50,=,19.0,nM,c1(cn(c(cc1=O)C(O)c1ccccc1)c1cc(ccc1)c1ccccc1)O,comt
418,CHEMBL3425740,P21964,IC50,=,1000.0,nM,c1(cn(c(cc1=O)C(O)CCC)c1cc(ccc1)c1ccccc1)O,comt
419,CHEMBL3425740,P21964,IC50,=,57.0,nM,c1(cn(c(cc1=O)C(O)CCC)c1cc(ccc1)c1ccccc1)O,comt
420,CHEMBL3425740,P22734,IC50,=,92.0,nM,c1(cn(c(cc1=O)C(O)CCC)c1cc(ccc1)c1ccccc1)O,comt
421,CHEMBL3425741,P21964,IC50,=,1900.0,nM,c1(cn(c(cc1=O)C(O)C(C)C)c1cc(ccc1)c1ccccc1)O,comt
422,CHEMBL3425741,P21964,IC50,=,180.0,nM,c1(cn(c(cc1=O)C(O)C(C)C)c1cc(ccc1)c1ccccc1)O,comt
423,CHEMBL3425741,P22734,IC50,=,220.0,nM,c1(cn(c(cc1=O)C(O)C(C)C)c1cc(ccc1)c1ccccc1)O,comt
424,CHEMBL3425742,P21964,IC50,=,24000.0,nM,c1(cn(c(cc1=O)CCN)c1cc(ccc1)c1ccccc1)O,comt
425,CHEMBL3425742,P21964,IC50,=,13000.0,nM,c1(cn(c(cc1=O)CCN)c1cc(ccc1)c1ccccc1)O,comt
426,CHEMBL3425743,P21964,IC50,>,5000.0,nM,c1(cnc(n(c1=O)C)c1cccc(c1)c1ccccc1)O,comt
427,CHEMBL3425743,P21964,IC50,=,170.0,nM,c1(cnc(n(c1=O)C)c1cccc(c1)c1ccccc1)O,comt
428,CHEMBL3425743,P22734,IC50,=,1000.0,nM,c1(cnc(n(c1=O)C)c1cccc(c1)c1ccccc1)O,comt
429,CHEMBL3425744,P21964,IC50,=,200.0,nM,c1(cn(cc(c1=O)B(O)O)c1cccc(c1)c1ccccc1)O,comt
430,CHEMBL3425744,P22734,IC50,=,19.0,nM,c1(cn(cc(c1=O)B(O)O)c1cccc(c1)c1ccccc1)O,comt
431,CHEMBL345815,P22734,Inhibition,=,36.0,%,c1([N+](=O)[O-])c(c(cc(c1)C(=O)CC1CCCCC1)O)O,comt
432,CHEMBL345815,P22734,Inhibition,=,72.0,%,c1([N+](=O)[O-])c(c(cc(c1)C(=O)CC1CCCCC1)O)O,comt
433,CHEMBL345815,P22734,Inhibition,=,6.0,%,c1([N+](=O)[O-])c(c(cc(c1)C(=O)CC1CCCCC1)O)O,comt
434,CHEMBL345815,P22734,Inhibition,=,39.0,%,c1([N+](=O)[O-])c(c(cc(c1)C(=O)CC1CCCCC1)O)O,comt
435,CHEMBL348045,P22734,Inhibition,=,20.0,%,c1([N+](=O)[O-])c(c(cc(c1)C(=O)C(c1ccccc1)c1ccccc1)O)O,comt
436,CHEMBL348045,P22734,Inhibition,=,13.0,%,c1([N+](=O)[O-])c(c(cc(c1)C(=O)C(c1ccccc1)c1ccccc1)O)O,comt
437,CHEMBL348045,P22734,Inhibition,=,7.0,%,c1([N+](=O)[O-])c(c(cc(c1)C(=O)C(c1ccccc1)c1ccccc1)O)O,comt
438,CHEMBL348779,P22734,Inhibition,=,18.0,%,c1([N+](=O)[O-])c(c(cc(c1)/C(=N\O)/Cc1ccccc1)O)O,comt
439,CHEMBL348779,P22734,Inhibition,=,48.0,%,c1([N+](=O)[O-])c(c(cc(c1)/C(=N\O)/Cc1ccccc1)O)O,comt
440,CHEMBL348779,P22734,Inhibition,=,15.0,%,c1([N+](=O)[O-])c(c(cc(c1)/C(=N\O)/Cc1ccccc1)O)O,comt
441,CHEMBL348779,P22734,Inhibition,=,13.0,%,c1([N+](=O)[O-])c(c(cc(c1)/C(=N\O)/Cc1ccccc1)O)O,comt
442,CHEMBL349168,P22734,Inhibition,=,20.0,%,c1([N+](=O)[O-])c(c(cc(c1)C(=O)Cc1c([N+](=O)[O-])cccc1)OC(=O)C)OC(=O)C,comt
443,CHEMBL349168,P22734,Inhibition,=,28.0,%,c1([N+](=O)[O-])c(c(cc(c1)C(=O)Cc1c([N+](=O)[O-])cccc1)OC(=O)C)OC(=O)C,comt
444,CHEMBL349168,P22734,Inhibition,=,7.0,%,c1([N+](=O)[O-])c(c(cc(c1)C(=O)Cc1c([N+](=O)[O-])cccc1)OC(=O)C)OC(=O)C,comt
445,CHEMBL349168,P22734,Inhibition,=,20.0,%,c1([N+](=O)[O-])c(c(cc(c1)C(=O)Cc1c([N+](=O)[O-])cccc1)OC(=O)C)OC(=O)C,comt
446,CHEMBL349219,P21964,Inhibition,=,50.0,%,c1([N+](=O)[O-])c(c(cc(c1)/C(=N\NC(=O)c1ccc(cc1)Cl)/Cc1ccccc1)O)O,comt
447,CHEMBL350927,P22734,IC50,=,19.0,nM,c1([N+](=O)[O-])c(c(cc(C(=O)NC23CC4CC(C3)CC(C2)C4)c1)O)O,comt
448,CHEMBL351990,P21964,Inhibition,=,77.0,%,c1([N+](=O)[O-])c(c(cc(c1)/C(=N\Nc1ccccc1)/Cc1ccccc1)O)O,comt
449,CHEMBL352077,P22734,Inhibition,=,16.0,%,c1([N+](=O)[O-])c(c(cc(c1)C(=O)Cc1c(C(=O)O)cccc1)O)O,comt
450,CHEMBL352077,P22734,Inhibition,=,39.0,%,c1([N+](=O)[O-])c(c(cc(c1)C(=O)Cc1c(C(=O)O)cccc1)O)O,comt
451,CHEMBL352077,P22734,Inhibition,=,42.0,%,c1([N+](=O)[O-])c(c(cc(c1)C(=O)Cc1c(C(=O)O)cccc1)O)O,comt
452,CHEMBL352077,P22734,Inhibition,=,34.0,%,c1([N+](=O)[O-])c(c(cc(c1)C(=O)Cc1c(C(=O)O)cccc1)O)O,comt
453,CHEMBL352098,P22734,Inhibition,=,57.0,%,c1([N+](=O)[O-])c(c(cc(c1)C(=O)Cc1ccc(Cl)cc1)O)O,comt
454,CHEMBL352098,P22734,Inhibition,=,69.0,%,c1([N+](=O)[O-])c(c(cc(c1)C(=O)Cc1ccc(Cl)cc1)O)O,comt
455,CHEMBL352098,P22734,Inhibition,=,26.0,%,c1([N+](=O)[O-])c(c(cc(c1)C(=O)Cc1ccc(Cl)cc1)O)O,comt
456,CHEMBL352098,P22734,Inhibition,=,12.0,%,c1([N+](=O)[O-])c(c(cc(c1)C(=O)Cc1ccc(Cl)cc1)O)O,comt
457,CHEMBL352161,P21964,Inhibition,=,38.0,%,c1([N+](=O)[O-])c(c(cc(c1)/C(=N\Nc1ccc(C(F)(F)F)cc1)/Cc1ccccc1)O)O,comt
458,CHEMBL352270,P22734,IC50,=,1100.0,nM,c1(c([N+](=O)[O-])cc(c(c1)O)O)C(=O)NC12CC3CC(C2)CC(C1)C3,comt
459,CHEMBL3527427,P21964,Km,=,2400.0,nM,c1cc(cc2c1OCO2)[C@@H]1OC[C@H]2[C@@H]1CO[C@@H]2c1cc(c(cc1)O)O,comt
460,CHEMBL3527427,P21964,Vmax,=,0.59,nmol/min,c1cc(cc2c1OCO2)[C@@H]1OC[C@H]2[C@@H]1CO[C@@H]2c1cc(c(cc1)O)O,comt
461,CHEMBL3527427,P22734,Vmax,=,3.2,nmol/min,c1cc(cc2c1OCO2)[C@@H]1OC[C@H]2[C@@H]1CO[C@@H]2c1cc(c(cc1)O)O,comt
462,CHEMBL3527427,P22734,Km,=,7700.0,nM,c1cc(cc2c1OCO2)[C@@H]1OC[C@H]2[C@@H]1CO[C@@H]2c1cc(c(cc1)O)O,comt
463,CHEMBL3527536,P21964,Km,=,2500.0,nM,c1cc(cc(c1O)O)[C@@H]1OC[C@H]2[C@@H]1CO[C@@H]2c1cc2c(cc1)OCO2,comt
464,CHEMBL3527536,P21964,Vmax,=,0.71,nmol/min,c1cc(cc(c1O)O)[C@@H]1OC[C@H]2[C@@H]1CO[C@@H]2c1cc2c(cc1)OCO2,comt
465,CHEMBL3527536,P22734,Vmax,=,2.4,nmol/min,c1cc(cc(c1O)O)[C@@H]1OC[C@H]2[C@@H]1CO[C@@H]2c1cc2c(cc1)OCO2,comt
466,CHEMBL3527536,P22734,Km,=,5500.0,nM,c1cc(cc(c1O)O)[C@@H]1OC[C@H]2[C@@H]1CO[C@@H]2c1cc2c(cc1)OCO2,comt
467,CHEMBL353012,P22734,IC50,=,50.0,nM,c1([N+](=O)[O-])c(c(cc(/C=C(/C(=O)OCC)\C#N)c1)O)O,comt
468,CHEMBL353187,P22734,IC50,=,6000.0,nM,c1(C(=O)C(C)C)cc(c(cc1)O)O,comt
469,CHEMBL353188,P22734,IC50,=,90.0,nM,c1([N+](=O)[O-])c(c(cc(c1)CCCCC(=O)O)O)O,comt
470,CHEMBL353983,P22734,IC50,=,20000.0,nM,c1(S(=O)(=O)C)c(c(cc(c1)C=O)O)O,comt
471,CHEMBL354517,P22734,IC50,=,1500.0,nM,c1(C(F)(F)F)c(c(cc(C=C(C(=O)C)C(=O)C)c1)O)O,comt
472,CHEMBL355017,P22734,IC50,=,25.0,nM,c1([N+](=O)[O-])c(c(cc(c1)Cl)O)O,comt
473,CHEMBL355402,P22734,IC50,=,180.0,nM,c1([N+](=O)[O-])c(c(cc(c1)CO)O)O,comt
474,CHEMBL355736,P22734,IC50,=,160.0,nM,c1(c(c(cc(c1)C=O)O)O)C=O,comt
475,CHEMBL373474,P21964,Inhibition,=,81.0,%,c1(c(c(cc(c1)C(=O)CCN1CCN(CC1)CC)[N+](=O)[O-])O)O,comt
476,CHEMBL373914,P21964,Inhibition,=,89.0,%,c1(c(c(cc(c1)C(=O)CCSc1ccc(cc1)C)[N+](=O)[O-])O)O,comt
477,CHEMBL374451,P21964,Inhibition,=,90.0,%,c1(c(c(cc(c1)C(=O)CSc1ccc(cc1)C)[N+](=O)[O-])O)O,comt
478,CHEMBL374773,P21964,Inhibition,=,70.0,%,c1(c(c(cc(c1)C(=O)CN(C)C)[N+](=O)[O-])O)O,comt
479,CHEMBL374904,P21964,Inhibition,=,91.0,%,c1(c(c(cc(c1)C(=O)COc1ccccc1)[N+](=O)[O-])O)O,comt
480,CHEMBL376458,P21964,Inhibition,=,100.0,%,c1(c(c(cc(c1)C(=O)COc1cccc2c1cccc2)[N+](=O)[O-])O)O,comt
481,CHEMBL376888,P21964,Inhibition,=,95.0,%,c1(c(c(cc(c1)C(=O)CCN1CCN(CC1)c1ccccc1C)[N+](=O)[O-])O)O,comt
482,CHEMBL3770406,P22734,IC50,=,151.0,nM,c1(c(c(cc(c1)/C=C(/C(=O)C(CC)CC)\C#N)[N+](=O)[O-])O)O,comt
483,CHEMBL3774784,P21964,Activity,=,-4.1,%,C(=O)([C@@H](C)c1cc(c(cc1)c1cc(ccc1)OC(=O)NCCCCCC)F)O,comt
484,CHEMBL3797305,P21964,IC50,=,1268.0,nM,n1ccc2c(c1n1ccc(=O)c(c1)O)cccc2,comt
485,CHEMBL3797305,P21964,IC50,=,962.0,nM,n1ccc2c(c1n1ccc(=O)c(c1)O)cccc2,comt
486,CHEMBL3797584,P21964,IC50,=,672.0,nM,c1(n2ccc(=O)c(c2)O)nccc(c1)c1ccncc1,comt
487,CHEMBL3797649,P21964,IC50,>,5000.0,nM,n1cccc(c1n1ccc(=O)c(c1)O)c1ccccc1,comt
488,CHEMBL3797649,P21964,IC50,>,5000.0,nM,n1cccc(c1n1ccc(=O)c(c1)O)c1ccccc1,comt
489,CHEMBL3797723,P21964,IC50,=,2584.0,nM,c1(n2ccc(=O)c(c2)O)cccc(n1)c1ccccc1,comt
490,CHEMBL3797723,P21964,IC50,=,128.0,nM,c1(n2ccc(=O)c(c2)O)cccc(n1)c1ccccc1,comt
491,CHEMBL3797901,P21964,IC50,=,2054.0,nM,c1(ccnc(n1)c1ccccc1)n1ccc(=O)c(c1)O,comt
492,CHEMBL3797901,P21964,IC50,=,706.0,nM,c1(ccnc(n1)c1ccccc1)n1ccc(=O)c(c1)O,comt
493,CHEMBL3798113,P21964,IC50,=,574.0,nM,c1(n2ccc(=O)c(c2)O)nccc(c1)c1cnccc1,comt
494,CHEMBL3798144,P21964,IC50,>,5000.0,nM,c1(n2ccc(=O)c(c2)O)scc(n1)c1ccccn1,comt
495,CHEMBL3798144,P21964,IC50,>,5000.0,nM,c1(n2ccc(=O)c(c2)O)scc(n1)c1ccccn1,comt
496,CHEMBL3798212,P21964,IC50,=,101.0,nM,c1(n2ccc(=O)c(c2)O)nccc(c1)c1csc(n1)C(C)(C)C,comt
497,CHEMBL3798212,P22734,IC50,=,15.0,nM,c1(n2ccc(=O)c(c2)O)nccc(c1)c1csc(n1)C(C)(C)C,comt
498,CHEMBL3798286,P21964,IC50,=,2325.0,nM,c1(n2ccc(=O)c(c2)O)ccnc(c1)c1ccccc1,comt
499,CHEMBL3798286,P21964,IC50,=,456.0,nM,c1(n2ccc(=O)c(c2)O)ccnc(c1)c1ccccc1,comt
500,CHEMBL3798524,P21964,IC50,=,35.0,nM,c1(n2ccc(=O)c(c2)O)nccc(c1)c1cc(c(cc1)Cl)Cl,comt
501,CHEMBL3798524,P22734,IC50,=,27.0,nM,c1(n2ccc(=O)c(c2)O)nccc(c1)c1cc(c(cc1)Cl)Cl,comt
502,CHEMBL3798854,P21964,IC50,=,826.0,nM,c1(n2ccc(=O)c(c2)O)nccc(c1)c1ccccn1,comt
503,CHEMBL3799278,P21964,IC50,=,1667.0,nM,c1(ccc2n(n1)cc(n2)C)n1ccc(=O)c(c1)O,comt
504,CHEMBL3799278,P21964,IC50,>,5000.0,nM,c1(ccc2n(n1)cc(n2)C)n1ccc(=O)c(c1)O,comt
505,CHEMBL3799623,P21964,IC50,=,49.5,nM,c1(n2ccc(=O)c(c2)O)nccc(c1)c1cnn(c1)Cc1ccccc1,comt
506,CHEMBL3799623,P22734,IC50,=,28.0,nM,c1(n2ccc(=O)c(c2)O)nccc(c1)c1cnn(c1)Cc1ccccc1,comt
507,CHEMBL3799913,P21964,IC50,=,3020.0,nM,c1(n2ccc(=O)c(c2)O)nccc(c1)c1ccccc1,comt
508,CHEMBL3799913,P21964,IC50,=,40.0,nM,c1(n2ccc(=O)c(c2)O)nccc(c1)c1ccccc1,comt
509,CHEMBL3799913,P22734,IC50,=,15.0,nM,c1(n2ccc(=O)c(c2)O)nccc(c1)c1ccccc1,comt
510,CHEMBL3800198,P21964,IC50,=,946.0,nM,c1(n2ccc(=O)c(c2)O)nccc(c1F)c1ccccc1,comt
511,CHEMBL3800198,P21964,IC50,=,55.0,nM,c1(n2ccc(=O)c(c2)O)nccc(c1F)c1ccccc1,comt
512,CHEMBL3800482,P21964,IC50,=,84.0,nM,c1(n2ccc(=O)c(c2)O)nccc(c1)c1nc(ccc1)C(F)(F)F,comt
513,CHEMBL3800482,P22734,IC50,=,11.0,nM,c1(n2ccc(=O)c(c2)O)nccc(c1)c1nc(ccc1)C(F)(F)F,comt
514,CHEMBL3818350,P21964,FC,=,10.9,Unspecified,c1(c(cc(cc1[N+](=O)[O-])/C=C\1/SC(=O)N(C1=O)CC)O)O,comt
515,CHEMBL3818350,P21964,IC50,=,179.0,nM,c1(c(cc(cc1[N+](=O)[O-])/C=C\1/SC(=O)N(C1=O)CC)O)O,comt
516,CHEMBL3818719,P21964,FC,=,34.2,Unspecified,c1(c(cc2c(c1[N+](=O)[O-])cc(c(c2)C(=O)N(CC)CC)C(=O)N(CC)CC)O)O,comt
517,CHEMBL3818719,P21964,IC50,=,54.0,nM,c1(c(cc2c(c1[N+](=O)[O-])cc(c(c2)C(=O)N(CC)CC)C(=O)N(CC)CC)O)O,comt
518,CHEMBL3819488,P21964,IC50,=,648.0,nM,N(CCCOCCOCCOCCCNC(=O)CCCC[C@@H]1SC[C@H]2[C@@H]1NC(=O)N2)C(=O)[C@@H](NC(=O)c1ccc(cc1)N=[N+]=[N-])CC(=O)NCCCCCC(=O)N(C)Cc1ccc(cc1)C(=O)c1cc(c(c(c1)O)O)[N+](=O)[O-],comt
519,CHEMBL384664,P21964,Inhibition,=,93.0,%,c1(c(c(cc(c1)C(=O)CN1CCN(CC1)c1ccc(cc1)F)[N+](=O)[O-])O)O,comt
520,CHEMBL385129,P21964,Inhibition,=,91.0,%,c1(c(c(cc(c1)C(=O)CCN(CC)CC)[N+](=O)[O-])O)O,comt
521,CHEMBL387347,P21964,Inhibition,=,96.0,%,c1(c(c(cc(c1)C(=O)CCN1CCN(CC1)c1cccc(c1)C(F)(F)F)[N+](=O)[O-])O)O,comt
522,CHEMBL413782,P21964,Inhibition,=,77.0,%,c1(c(c(cc(c1)C(=O)CN(CC)CC)[N+](=O)[O-])O)O,comt
523,CHEMBL413814,P21964,Inhibition,=,91.0,%,c1(c(ccc(c1[N+](=O)[O-])C(=O)CCN1CCC(CC1)Cc1ccccc1)O)O,comt
524,CHEMBL414632,P22734,Inhibition,=,24.0,%,c1([N+](=O)[O-])c(c(cc(c1)C(=O)C(c1ccccc1)C)OC(=O)C)OC(=O)C,comt
525,CHEMBL414632,P22734,Inhibition,=,42.0,%,c1([N+](=O)[O-])c(c(cc(c1)C(=O)C(c1ccccc1)C)OC(=O)C)OC(=O)C,comt
526,CHEMBL414632,P22734,Inhibition,=,44.0,%,c1([N+](=O)[O-])c(c(cc(c1)C(=O)C(c1ccccc1)C)OC(=O)C)OC(=O)C,comt
527,CHEMBL418052,P21964,Inhibition,=,64.0,%,N[C@@H](CCSC[C@H]1O[C@H]([C@@H]([C@@H]1O)O)n1cnc2c(N)ncnc12)C(=O)O,comt
528,CHEMBL418052,P21964,Inhibition,=,33.0,%,N[C@@H](CCSC[C@H]1O[C@H]([C@@H]([C@@H]1O)O)n1cnc2c(N)ncnc12)C(=O)O,comt
529,CHEMBL418052,P21964,Inhibition,=,24.0,%,N[C@@H](CCSC[C@H]1O[C@H]([C@@H]([C@@H]1O)O)n1cnc2c(N)ncnc12)C(=O)O,comt
530,CHEMBL418052,P22734,Kis,=,36.3,uM,N[C@@H](CCSC[C@H]1O[C@H]([C@@H]([C@@H]1O)O)n1cnc2c(N)ncnc12)C(=O)O,comt
531,CHEMBL418052,P22734,Inhibition,=,22.0,%,N[C@@H](CCSC[C@H]1O[C@H]([C@@H]([C@@H]1O)O)n1cnc2c(N)ncnc12)C(=O)O,comt
532,CHEMBL418052,P22734,Inhibition,=,87.0,%,N[C@@H](CCSC[C@H]1O[C@H]([C@@H]([C@@H]1O)O)n1cnc2c(N)ncnc12)C(=O)O,comt
533,CHEMBL418052,P22734,Inhibition,=,39.0,%,N[C@@H](CCSC[C@H]1O[C@H]([C@@H]([C@@H]1O)O)n1cnc2c(N)ncnc12)C(=O)O,comt
534,CHEMBL418052,P22734,Inhibition,=,5.0,%,N[C@@H](CCSC[C@H]1O[C@H]([C@@H]([C@@H]1O)O)n1cnc2c(N)ncnc12)C(=O)O,comt
535,CHEMBL418052,P22734,Inhibition,=,87.0,%,N[C@@H](CCSC[C@H]1O[C@H]([C@@H]([C@@H]1O)O)n1cnc2c(N)ncnc12)C(=O)O,comt
536,CHEMBL418052,P22734,Inhibition,=,22.0,%,N[C@@H](CCSC[C@H]1O[C@H]([C@@H]([C@@H]1O)O)n1cnc2c(N)ncnc12)C(=O)O,comt
537,CHEMBL418052,P22734,Inhibition,=,5.0,%,N[C@@H](CCSC[C@H]1O[C@H]([C@@H]([C@@H]1O)O)n1cnc2c(N)ncnc12)C(=O)O,comt
538,CHEMBL418052,P22734,Inhibition,=,39.0,%,N[C@@H](CCSC[C@H]1O[C@H]([C@@H]([C@@H]1O)O)n1cnc2c(N)ncnc12)C(=O)O,comt
539,CHEMBL418149,P21964,Inhibition,=,93.0,%,c1(c(ccc(c1[N+](=O)[O-])C(=O)CCN1CCCC1)O)O,comt
540,CHEMBL418149,P22734,Inhibition,=,87.0,%,c1(c(ccc(c1[N+](=O)[O-])C(=O)CCN1CCCC1)O)O,comt
541,CHEMBL418149,P22734,Inhibition,=,18.0,%,c1(c(ccc(c1[N+](=O)[O-])C(=O)CCN1CCCC1)O)O,comt
542,CHEMBL418149,P22734,Inhibition,=,21.0,%,c1(c(ccc(c1[N+](=O)[O-])C(=O)CCN1CCCC1)O)O,comt
543,CHEMBL418149,P22734,Inhibition,=,-10.0,%,c1(c(ccc(c1[N+](=O)[O-])C(=O)CCN1CCCC1)O)O,comt
544,CHEMBL418518,P21964,Inhibition,=,88.0,%,c1(c(ccc(c1[N+](=O)[O-])C(=O)CCN1CCOCC1)O)O,comt
545,CHEMBL418518,P22734,Inhibition,=,58.0,%,c1(c(ccc(c1[N+](=O)[O-])C(=O)CCN1CCOCC1)O)O,comt
546,CHEMBL418518,P22734,Inhibition,=,25.0,%,c1(c(ccc(c1[N+](=O)[O-])C(=O)CCN1CCOCC1)O)O,comt
547,CHEMBL418518,P22734,Inhibition,=,7.0,%,c1(c(ccc(c1[N+](=O)[O-])C(=O)CCN1CCOCC1)O)O,comt
548,CHEMBL418518,P22734,Inhibition,=,8.0,%,c1(c(ccc(c1[N+](=O)[O-])C(=O)CCN1CCOCC1)O)O,comt
549,CHEMBL419039,P21964,Inhibition,=,91.0,%,c1(c(cc2c(c1[N+](=O)[O-])C(=O)C(C2)CN1CCN(CC1)c1ccccc1Cl)O)O,comt
550,CHEMBL423962,P22734,Inhibition,=,53.0,%,c1([N+](=O)[O-])c(c(cc(c1)C(=O)Cc1ccc(cc1)OC)OC(=O)C)OC(=O)C,comt
551,CHEMBL423962,P22734,Inhibition,=,72.0,%,c1([N+](=O)[O-])c(c(cc(c1)C(=O)Cc1ccc(cc1)OC)OC(=O)C)OC(=O)C,comt
552,CHEMBL423962,P22734,Inhibition,=,9.0,%,c1([N+](=O)[O-])c(c(cc(c1)C(=O)Cc1ccc(cc1)OC)OC(=O)C)OC(=O)C,comt
553,CHEMBL423962,P22734,Inhibition,=,25.0,%,c1([N+](=O)[O-])c(c(cc(c1)C(=O)Cc1ccc(cc1)OC)OC(=O)C)OC(=O)C,comt
554,CHEMBL426014,P21964,Inhibition,=,92.0,%,c1(c(c(cc(c1)C(=O)CN1CCN(CC1)c1cccc(c1)C(F)(F)F)[N+](=O)[O-])O)O,comt
555,CHEMBL426716,P21964,Inhibition,=,96.0,%,c1(c(c(cc(c1)C(=O)CCN1CCN(CC1)C(=O)c1ccc(cc1)[N+](=O)[O-])[N+](=O)[O-])O)O,comt
556,CHEMBL431031,P22734,Residual activity,=,277.0,c.p.m.,c1(c2c(cc(c1O)O)cc[nH]2)C,comt
557,CHEMBL431031,P22734,Residual activity,=,262.0,c.p.m.,c1(c2c(cc(c1O)O)cc[nH]2)C,comt
558,CHEMBL431031,P22734,Ki,=,1140000.0,nM,c1(c2c(cc(c1O)O)cc[nH]2)C,comt
559,CHEMBL431031,P22734,K2,=,0.16,min-1,c1(c2c(cc(c1O)O)cc[nH]2)C,comt
560,CHEMBL431031,P22734,Residual activity,=,84.0,%,c1(c2c(cc(c1O)O)cc[nH]2)C,comt
561,CHEMBL444338,P22734,Inhibition,=,9.0,%,n1(C2C(C(C(C2)CSCCC(C(=O)O)N)O)O)cnc2c1ccnc2N,comt
562,CHEMBL449298,P22734,IC50,=,29512.09,nM,c1cc(c2c(c1N)cccn2)O,comt
563,CHEMBL46624,P22734,Inhibition,=,42.0,%,n1([C@H]2[C@@H]([C@@H]([C@H](O2)C[S+]([O-])CCC(C(=O)O)N)O)O)c2c(nc1)c(ncn2)N,comt
564,CHEMBL46624,P22734,Inhibition,=,14.0,%,n1([C@H]2[C@@H]([C@@H]([C@H](O2)C[S+]([O-])CCC(C(=O)O)N)O)O)c2c(nc1)c(ncn2)N,comt
565,CHEMBL497,P22734,IC50,=,4786.3,nM,Oc1c(I)cc(Cl)c2cccnc12,comt
566,CHEMBL526648,P21964,Inhibition,<,20.0,%,c1c(ccc(c1F)N1CCN(CC1)C(=O)c1cc(ccc1N1CCOCC1)S(=O)(=O)C)C(=O)C,comt
567,CHEMBL535825,P21964,Inhibition,=,96.0,%,c1(c(c(cc(c1)C(=O)CCN1CCN(CC1)c1cccc(c1)C(F)(F)F)[N+](=O)[O-])O)O.Cl,comt
568,CHEMBL535825,P22734,Inhibition,=,82.0,%,c1(c(c(cc(c1)C(=O)CCN1CCN(CC1)c1cccc(c1)C(F)(F)F)[N+](=O)[O-])O)O.Cl,comt
569,CHEMBL535825,P22734,Inhibition,=,14.0,%,c1(c(c(cc(c1)C(=O)CCN1CCN(CC1)c1cccc(c1)C(F)(F)F)[N+](=O)[O-])O)O.Cl,comt
570,CHEMBL535825,P22734,Inhibition,=,74.0,%,c1(c(c(cc(c1)C(=O)CCN1CCN(CC1)c1cccc(c1)C(F)(F)F)[N+](=O)[O-])O)O.Cl,comt
571,CHEMBL535825,P22734,Inhibition,=,14.0,%,c1(c(c(cc(c1)C(=O)CCN1CCN(CC1)c1cccc(c1)C(F)(F)F)[N+](=O)[O-])O)O.Cl,comt
572,CHEMBL539878,P21964,Ki,=,800000.0,nM,n1([C@H]2[C@@H]([C@@H]([C@H](O2)CO[S+](CCc2ccccc2)C)O)O)c2c(nc1)c(ncn2)N.[I-],comt
573,CHEMBL540135,P21964,Ki,=,6000000.0,nM,n1([C@H]2[C@@H]([C@@H]([C@H](O2)C[S+](C)C)O)O)c2c(nc1)c(ncn2)N.[I-],comt
574,CHEMBL544714,P22734,Kis,=,152.0,uM,c12c(cc(c(c1)O)O)CCN(C2)C.Br,comt
575,CHEMBL544714,P22734,Vmax,=,18.5,nmol/mg/min,c12c(cc(c(c1)O)O)CCN(C2)C.Br,comt
576,CHEMBL544714,P22734,Km,=,670000.0,nM,c12c(cc(c(c1)O)O)CCN(C2)C.Br,comt
577,CHEMBL553016,P21964,Ki,=,500000.0,nM,n1([C@H]2[C@@H]([C@@H]([C@H](O2)CO[S+](CCc2cc(C(CN(Cc3ccccc3)C)O)ccc2OC)C)O)O)c2c(nc1)c(ncn2)N.[I-],comt
578,CHEMBL553200,P21964,Ki,=,5800000.0,nM,C(=O)(C(CC[S+](CCc1c(OC)cccc1)C)N)O.[I-],comt
579,CHEMBL557014,P21964,Ki,=,800000.0,nM,n1([C@H]2[C@@H]([C@@H]([C@H](O2)CO[S+](CCc2c(OC)cccc2)C)O)O)c2c(nc1)c(ncn2)N.[I-],comt
580,CHEMBL607883,P22734,Inhibition,=,68.0,%,n1(C2[C@@H]([C@@H]([C@H](O2)CSCCC(C(=O)O)N)O)O)cnc2c1ccnc2N,comt
581,CHEMBL607883,P22734,Inhibition,=,25.0,%,n1(C2[C@@H]([C@@H]([C@H](O2)CSCCC(C(=O)O)N)O)O)cnc2c1ccnc2N,comt
582,CHEMBL608171,P22734,Inhibition,=,55.0,%,n1(C2[C@@H]([C@@H]([C@H](O2)CSCCC(C(=O)O)N)O)O)c2c(nc1)c(ncn2)NC,comt
583,CHEMBL608171,P22734,Inhibition,=,15.0,%,n1(C2[C@@H]([C@@H]([C@H](O2)CSCCC(C(=O)O)N)O)O)c2c(nc1)c(ncn2)NC,comt
584,CHEMBL608172,P22734,Inhibition,=,45.0,%,n1(C2[C@@H]([C@@H]([C@H](O2)CS(=O)(=O)CCC(C(=O)O)N)O)O)c2c(nc1)c(ncn2)N,comt
585,CHEMBL608172,P22734,Inhibition,=,8.0,%,n1(C2[C@@H]([C@@H]([C@H](O2)CS(=O)(=O)CCC(C(=O)O)N)O)O)c2c(nc1)c(ncn2)N,comt
586,CHEMBL609827,P22734,Inhibition,=,28.0,%,n1(C2[C@@H]([C@@H]([C@H](O2)CSCCC(C(=O)O)N)O)O)nnc2c1ncnc2N,comt
587,CHEMBL609827,P22734,Inhibition,=,5.0,%,n1(C2[C@@H]([C@@H]([C@H](O2)CSCCC(C(=O)O)N)O)O)nnc2c1ncnc2N,comt
588,CHEMBL679,P22734,Vmax,=,19.8,nmol/mg/min,Oc1c(O)ccc(c1)[C@@H](O)CNC,comt
589,CHEMBL679,P22734,Km,=,398000.0,nM,Oc1c(O)ccc(c1)[C@@H](O)CNC,comt
590,CHEMBL8476,P21964,Inhibition,=,95.0,%,c1(c(ccc(c1[N+](=O)[O-])C(=O)CCCc1ccccc1)O)O,comt
591,CHEMBL8476,P22734,Inhibition,=,95.0,%,c1(c(ccc(c1[N+](=O)[O-])C(=O)CCCc1ccccc1)O)O,comt
592,CHEMBL8476,P22734,Inhibition,=,87.0,%,c1(c(ccc(c1[N+](=O)[O-])C(=O)CCCc1ccccc1)O)O,comt
593,CHEMBL8476,P22734,Inhibition,=,63.0,%,c1(c(ccc(c1[N+](=O)[O-])C(=O)CCCc1ccccc1)O)O,comt
594,CHEMBL8476,P22734,Inhibition,=,4.0,%,c1(c(ccc(c1[N+](=O)[O-])C(=O)CCCc1ccccc1)O)O,comt
595,CHEMBL8476,P22734,Inhibition,=,34.0,%,c1(c(ccc(c1[N+](=O)[O-])C(=O)CCCc1ccccc1)O)O,comt
596,CHEMBL8476,P22734,Inhibition,=,99.0,%,c1(c(ccc(c1[N+](=O)[O-])C(=O)CCCc1ccccc1)O)O,comt
597,CHEMBL8476,P22734,Inhibition,=,82.0,%,c1(c(ccc(c1[N+](=O)[O-])C(=O)CCCc1ccccc1)O)O,comt
598,CHEMBL8476,P22734,IC50,=,4000.0,nM,c1(c(ccc(c1[N+](=O)[O-])C(=O)CCCc1ccccc1)O)O,comt
599,CHEMBL8476,P22734,IC50,=,130.0,nM,c1(c(ccc(c1[N+](=O)[O-])C(=O)CCCc1ccccc1)O)O,comt
600,CHEMBL8476,P22734,Inhibition,=,5.0,%,c1(c(ccc(c1[N+](=O)[O-])C(=O)CCCc1ccccc1)O)O,comt
601,CHEMBL8476,P22734,Inhibition,=,13.0,%,c1(c(ccc(c1[N+](=O)[O-])C(=O)CCCc1ccccc1)O)O,comt
602,CHEMBL8476,P22734,Inhibition,=,39.0,%,c1(c(ccc(c1[N+](=O)[O-])C(=O)CCCc1ccccc1)O)O,comt
603,CHEMBL85234,P22734,Kis,=,999.0,uM,c1(c(cc(C(=O)O)cc1OC)O)OC,comt
604,CHEMBL85234,P22734,Kii,=,521.0,uM,c1(c(cc(C(=O)O)cc1OC)O)OC,comt
605,CHEMBL8647,P21964,Inhibition,=,87.0,%,c1(c(ccc(c1[N+](=O)[O-])C(=O)CCN1CC(CCC1)C(=O)N(C)C)O)O,comt
606,CHEMBL8647,P22734,Inhibition,=,69.0,%,c1(c(ccc(c1[N+](=O)[O-])C(=O)CCN1CC(CCC1)C(=O)N(C)C)O)O,comt
607,CHEMBL8647,P22734,Inhibition,=,-27.0,%,c1(c(ccc(c1[N+](=O)[O-])C(=O)CCN1CC(CCC1)C(=O)N(C)C)O)O,comt
608,CHEMBL8647,P22734,Inhibition,=,10.0,%,c1(c(ccc(c1[N+](=O)[O-])C(=O)CCN1CC(CCC1)C(=O)N(C)C)O)O,comt
609,CHEMBL8647,P22734,Inhibition,=,-72.0,%,c1(c(ccc(c1[N+](=O)[O-])C(=O)CCN1CC(CCC1)C(=O)N(C)C)O)O,comt
610,CHEMBL8649,P21964,Inhibition,=,87.0,%,c1(c(ccc(c1[N+](=O)[O-])C(=O)CCCCc1ccccc1)O)O,comt
611,CHEMBL8649,P22734,Inhibition,=,70.0,%,c1(c(ccc(c1[N+](=O)[O-])C(=O)CCCCc1ccccc1)O)O,comt
612,CHEMBL8649,P22734,Inhibition,=,87.0,%,c1(c(ccc(c1[N+](=O)[O-])C(=O)CCCCc1ccccc1)O)O,comt
613,CHEMBL8649,P22734,Inhibition,=,48.0,%,c1(c(ccc(c1[N+](=O)[O-])C(=O)CCCCc1ccccc1)O)O,comt
614,CHEMBL8649,P22734,Inhibition,=,18.0,%,c1(c(ccc(c1[N+](=O)[O-])C(=O)CCCCc1ccccc1)O)O,comt
615,CHEMBL8649,P22734,Inhibition,=,45.0,%,c1(c(ccc(c1[N+](=O)[O-])C(=O)CCCCc1ccccc1)O)O,comt
616,CHEMBL8649,P22734,Inhibition,=,99.0,%,c1(c(ccc(c1[N+](=O)[O-])C(=O)CCCCc1ccccc1)O)O,comt
617,CHEMBL8649,P22734,Inhibition,=,65.0,%,c1(c(ccc(c1[N+](=O)[O-])C(=O)CCCCc1ccccc1)O)O,comt
618,CHEMBL8649,P22734,IC50,=,4000.0,nM,c1(c(ccc(c1[N+](=O)[O-])C(=O)CCCCc1ccccc1)O)O,comt
619,CHEMBL8649,P22734,IC50,=,110.0,nM,c1(c(ccc(c1[N+](=O)[O-])C(=O)CCCCc1ccccc1)O)O,comt
620,CHEMBL8649,P22734,Inhibition,=,8.0,%,c1(c(ccc(c1[N+](=O)[O-])C(=O)CCCCc1ccccc1)O)O,comt
621,CHEMBL8649,P22734,Inhibition,=,5.0,%,c1(c(ccc(c1[N+](=O)[O-])C(=O)CCCCc1ccccc1)O)O,comt
622,CHEMBL8649,P22734,Inhibition,=,33.0,%,c1(c(ccc(c1[N+](=O)[O-])C(=O)CCCCc1ccccc1)O)O,comt
623,CHEMBL86754,P22734,IC50,=,5623.41,nM,c12c(c(cc(c1cccn2)I)I)O,comt
624,CHEMBL8752,P21964,Inhibition,=,54.0,%,c1(c(cc2c(c1[N+](=O)[O-])C(=O)CCC2)O)O,comt
625,CHEMBL8854,P21964,Inhibition,=,87.0,%,c1(c(ccc(c1[N+](=O)[O-])C(=O)CCN1CC(CC(C1)C)C)O)O,comt
626,CHEMBL89320,P22734,Kis,=,0.7,uM,c1([N+](=O)[O-])c(c(cc(c1)C=O)O)OC,comt
627,CHEMBL89321,P22734,Kis,=,111.3,uM,c1(c(cc(cc1O)C=O)I)OC,comt
628,CHEMBL89321,P22734,Kii,=,56.6,uM,c1(c(cc(cc1O)C=O)I)OC,comt
629,CHEMBL89349,P22734,Kis,=,31.6,uM,c1(c(cc(cc1O)C=O)Cl)OC,comt
630,CHEMBL89349,P22734,Kii,=,10.8,uM,c1(c(cc(cc1O)C=O)Cl)OC,comt
631,CHEMBL89408,P22734,Kis,=,56.9,uM,c1(c(cc(cc1O)C=O)F)OC,comt
632,CHEMBL89408,P22734,Kii,=,48.4,uM,c1(c(cc(cc1O)C=O)F)OC,comt
633,CHEMBL8944,P21964,Inhibition,=,89.0,%,c1(c(ccc(c1[N+](=O)[O-])C(=O)CCN1CCN(CC1)CCC)O)O,comt
634,CHEMBL89682,P22734,Kis,=,885.0,uM,c1(c(c(cc(c1)C=O)O)OC)SC(=S)OCC,comt
635,CHEMBL89682,P22734,Kii,=,272.0,uM,c1(c(c(cc(c1)C=O)O)OC)SC(=S)OCC,comt
636,CHEMBL89737,P22734,Kis,=,9.98,uM,c1(c(cc(cc1O)C=O)O)OC,comt
637,CHEMBL89737,P22734,Kii,=,16.1,uM,c1(c(cc(cc1O)C=O)O)OC,comt
638,CHEMBL89826,P22734,Kis,=,340.0,uM,c1(c(c(cc(c1)C(=O)O)O)OC)Br,comt
639,CHEMBL90106,P22734,Kis,=,50.2,uM,c1([N+](=O)[O-])c(c(cc(c1)C(=O)O)O)OC,comt
640,CHEMBL90106,P22734,Kii,=,247.0,uM,c1([N+](=O)[O-])c(c(cc(c1)C(=O)O)O)OC,comt
641,CHEMBL90203,P22734,Residual activity,=,322.0,c.p.m.,c12c(c(c(c(c1cc[nH]2)C)O)O)C,comt
642,CHEMBL90203,P22734,Residual activity,=,4.5,%,c12c(c(c(c(c1cc[nH]2)C)O)O)C,comt
643,CHEMBL90203,P22734,Residual activity,=,212.0,c.p.m.,c12c(c(c(c(c1cc[nH]2)C)O)O)C,comt
644,CHEMBL90203,P22734,Ki,=,7260000.0,nM,c12c(c(c(c(c1cc[nH]2)C)O)O)C,comt
645,CHEMBL90203,P22734,K2,=,1.12,min-1,c12c(c(c(c(c1cc[nH]2)C)O)O)C,comt
646,CHEMBL90203,P22734,Residual activity,=,96.0,%,c12c(c(c(c(c1cc[nH]2)C)O)O)C,comt
647,CHEMBL9039,P21964,Inhibition,=,76.0,%,c1(c(cc2c(c1[N+](=O)[O-])C(=O)CC2)O)O,comt
648,CHEMBL9049,P21964,Inhibition,=,89.0,%,c1(c(ccc(c1[N+](=O)[O-])C(=O)CCN1CCCC2C1CCCC2)O)O,comt
649,CHEMBL9049,P22734,Inhibition,=,91.0,%,c1(c(ccc(c1[N+](=O)[O-])C(=O)CCN1CCCC2C1CCCC2)O)O,comt
650,CHEMBL9049,P22734,Inhibition,=,7.0,%,c1(c(ccc(c1[N+](=O)[O-])C(=O)CCN1CCCC2C1CCCC2)O)O,comt
651,CHEMBL9049,P22734,Inhibition,=,87.0,%,c1(c(ccc(c1[N+](=O)[O-])C(=O)CCN1CCCC2C1CCCC2)O)O,comt
652,CHEMBL9049,P22734,Inhibition,=,-19.0,%,c1(c(ccc(c1[N+](=O)[O-])C(=O)CCN1CCCC2C1CCCC2)O)O,comt
653,CHEMBL9056,P21964,Inhibition,=,95.0,%,c1(c(ccc(c1[N+](=O)[O-])C(=O)CCN1CCCCC1)O)O,comt
654,CHEMBL9056,P22734,Inhibition,=,85.0,%,c1(c(ccc(c1[N+](=O)[O-])C(=O)CCN1CCCCC1)O)O,comt
655,CHEMBL9056,P22734,Inhibition,=,8.0,%,c1(c(ccc(c1[N+](=O)[O-])C(=O)CCN1CCCCC1)O)O,comt
656,CHEMBL9056,P22734,Inhibition,=,35.0,%,c1(c(ccc(c1[N+](=O)[O-])C(=O)CCN1CCCCC1)O)O,comt
657,CHEMBL9056,P22734,Inhibition,=,-24.0,%,c1(c(ccc(c1[N+](=O)[O-])C(=O)CCN1CCCCC1)O)O,comt
658,CHEMBL90568,P22734,Km,=,2380.0,nM,c1(cc(=O)c2c(O)cc(O)cc2o1)c1cc(O)c(OC)cc1,comt
659,CHEMBL90568,P22734,Km,=,1310.0,nM,c1(cc(=O)c2c(O)cc(O)cc2o1)c1cc(O)c(OC)cc1,comt
660,CHEMBL90568,P22734,Km,=,4100.0,nM,c1(cc(=O)c2c(O)cc(O)cc2o1)c1cc(O)c(OC)cc1,comt
661,CHEMBL90568,P22734,Km,=,3570.0,nM,c1(cc(=O)c2c(O)cc(O)cc2o1)c1cc(O)c(OC)cc1,comt
662,CHEMBL90568,P22734,Km,=,3380.0,nM,c1(cc(=O)c2c(O)cc(O)cc2o1)c1cc(O)c(OC)cc1,comt
663,CHEMBL90568,P22734,Vmax/Km,=,10.6,ml/min,c1(cc(=O)c2c(O)cc(O)cc2o1)c1cc(O)c(OC)cc1,comt
664,CHEMBL90568,P22734,Vmax/Km,=,57.0,ml/min,c1(cc(=O)c2c(O)cc(O)cc2o1)c1cc(O)c(OC)cc1,comt
665,CHEMBL90568,P22734,Vmax/Km,=,18.0,ml/min,c1(cc(=O)c2c(O)cc(O)cc2o1)c1cc(O)c(OC)cc1,comt
666,CHEMBL90568,P22734,Vmax/Km,=,105.0,ml/min,c1(cc(=O)c2c(O)cc(O)cc2o1)c1cc(O)c(OC)cc1,comt
667,CHEMBL90568,P22734,Vmax/Km,=,193.0,ml/min,c1(cc(=O)c2c(O)cc(O)cc2o1)c1cc(O)c(OC)cc1,comt
668,CHEMBL90568,P22734,Vmax,=,25.0,nmol/min,c1(cc(=O)c2c(O)cc(O)cc2o1)c1cc(O)c(OC)cc1,comt
669,CHEMBL90568,P22734,Vmax,=,74.5,nmol/min,c1(cc(=O)c2c(O)cc(O)cc2o1)c1cc(O)c(OC)cc1,comt
670,CHEMBL90568,P22734,Vmax,=,73.9,nmol/min,c1(cc(=O)c2c(O)cc(O)cc2o1)c1cc(O)c(OC)cc1,comt
671,CHEMBL90568,P22734,Vmax,=,371.0,nmol/min,c1(cc(=O)c2c(O)cc(O)cc2o1)c1cc(O)c(OC)cc1,comt
672,CHEMBL90568,P22734,Vmax,=,651.0,nmol/min,c1(cc(=O)c2c(O)cc(O)cc2o1)c1cc(O)c(OC)cc1,comt
673,CHEMBL90571,P22734,Residual activity,=,396.0,c.p.m.,c1(c2c(cc(c1O)O)[nH]cc2)C,comt
674,CHEMBL90571,P22734,Residual activity,=,351.0,c.p.m.,c1(c2c(cc(c1O)O)[nH]cc2)C,comt
675,CHEMBL90571,P22734,Ki,=,15200000.0,nM,c1(c2c(cc(c1O)O)[nH]cc2)C,comt
676,CHEMBL90571,P22734,K2,=,0.47,min-1,c1(c2c(cc(c1O)O)[nH]cc2)C,comt
677,CHEMBL90571,P22734,Residual activity,=,81.0,%,c1(c2c(cc(c1O)O)[nH]cc2)C,comt
678,CHEMBL9067,P21964,Inhibition,=,86.0,%,c1(c(ccc(c1[N+](=O)[O-])C(=O)CCN1CCC(CC1)C)O)O,comt
679,CHEMBL9067,P22734,Inhibition,=,88.0,%,c1(c(ccc(c1[N+](=O)[O-])C(=O)CCN1CCC(CC1)C)O)O,comt
680,CHEMBL9067,P22734,Inhibition,=,26.0,%,c1(c(ccc(c1[N+](=O)[O-])C(=O)CCN1CCC(CC1)C)O)O,comt
681,CHEMBL9067,P22734,Inhibition,=,80.0,%,c1(c(ccc(c1[N+](=O)[O-])C(=O)CCN1CCC(CC1)C)O)O,comt
682,CHEMBL9067,P22734,Inhibition,=,-12.0,%,c1(c(ccc(c1[N+](=O)[O-])C(=O)CCN1CCC(CC1)C)O)O,comt
683,CHEMBL9085,P21964,Inhibition,=,94.0,%,c1(c(ccc(c1[N+](=O)[O-])C(=O)CCN1CCN(CC1)c1ccc(cc1)OC)O)O,comt
684,CHEMBL9124,P21964,Inhibition,=,89.0,%,c1(c(ccc(c1[N+](=O)[O-])C(=O)CCN1CCCC(C1)C)O)O,comt
685,CHEMBL9124,P22734,Inhibition,=,76.0,%,c1(c(ccc(c1[N+](=O)[O-])C(=O)CCN1CCCC(C1)C)O)O,comt
686,CHEMBL9124,P22734,Inhibition,=,-11.0,%,c1(c(ccc(c1[N+](=O)[O-])C(=O)CCN1CCCC(C1)C)O)O,comt
687,CHEMBL9124,P22734,Inhibition,=,-10.0,%,c1(c(ccc(c1[N+](=O)[O-])C(=O)CCN1CCCC(C1)C)O)O,comt
688,CHEMBL9124,P22734,Inhibition,=,-45.0,%,c1(c(ccc(c1[N+](=O)[O-])C(=O)CCN1CCCC(C1)C)O)O,comt
689,CHEMBL92636,P22734,Residual activity,=,282.0,c.p.m.,[nH]1ccc2cc(c(cc12)O)O,comt
690,CHEMBL92636,P22734,Residual activity,=,228.0,c.p.m.,[nH]1ccc2cc(c(cc12)O)O,comt
691,CHEMBL92636,P22734,Ki,=,3460000.0,nM,[nH]1ccc2cc(c(cc12)O)O,comt
692,CHEMBL92636,P22734,K2,=,0.55,min-1,[nH]1ccc2cc(c(cc12)O)O,comt
693,CHEMBL92636,P22734,Residual activity,=,96.0,%,[nH]1ccc2cc(c(cc12)O)O,comt
694,CHEMBL953,P21964,FC,=,2.86,Unspecified,c1(c(c(cc(c1)/C=C(/C(=O)N(CC)CC)\C#N)[N+](=O)[O-])O)O,comt
695,CHEMBL953,P21964,IC50,=,386.0,nM,c1(c(c(cc(c1)/C=C(/C(=O)N(CC)CC)\C#N)[N+](=O)[O-])O)O,comt
696,CHEMBL953,P21964,Inhibition,=,77.0,%,c1(c(c(cc(c1)/C=C(/C(=O)N(CC)CC)\C#N)[N+](=O)[O-])O)O,comt
697,CHEMBL953,P21964,Inhibition,=,77.0,%,c1(c(c(cc(c1)/C=C(/C(=O)N(CC)CC)\C#N)[N+](=O)[O-])O)O,comt
698,CHEMBL953,P21964,Inhibition,=,77.0,%,c1(c(c(cc(c1)/C=C(/C(=O)N(CC)CC)\C#N)[N+](=O)[O-])O)O,comt
699,CHEMBL953,P22734,Inhibition,=,74.0,%,c1(c(c(cc(c1)/C=C(/C(=O)N(CC)CC)\C#N)[N+](=O)[O-])O)O,comt
700,CHEMBL953,P22734,Inhibition,=,98.0,%,c1(c(c(cc(c1)/C=C(/C(=O)N(CC)CC)\C#N)[N+](=O)[O-])O)O,comt
701,CHEMBL953,P22734,Inhibition,=,96.0,%,c1(c(c(cc(c1)/C=C(/C(=O)N(CC)CC)\C#N)[N+](=O)[O-])O)O,comt
702,CHEMBL953,P22734,Inhibition,=,72.0,%,c1(c(c(cc(c1)/C=C(/C(=O)N(CC)CC)\C#N)[N+](=O)[O-])O)O,comt
703,CHEMBL953,P22734,Inhibition,=,30.0,%,c1(c(c(cc(c1)/C=C(/C(=O)N(CC)CC)\C#N)[N+](=O)[O-])O)O,comt
704,CHEMBL953,P22734,Inhibition,=,25.0,%,c1(c(c(cc(c1)/C=C(/C(=O)N(CC)CC)\C#N)[N+](=O)[O-])O)O,comt
705,CHEMBL953,P22734,Inhibition,=,86.0,%,c1(c(c(cc(c1)/C=C(/C(=O)N(CC)CC)\C#N)[N+](=O)[O-])O)O,comt
706,CHEMBL953,P22734,Inhibition,=,98.0,%,c1(c(c(cc(c1)/C=C(/C(=O)N(CC)CC)\C#N)[N+](=O)[O-])O)O,comt
707,CHEMBL953,P22734,Inhibition,=,45.0,%,c1(c(c(cc(c1)/C=C(/C(=O)N(CC)CC)\C#N)[N+](=O)[O-])O)O,comt
708,CHEMBL953,P22734,IC50,=,12800.0,nM,c1(c(c(cc(c1)/C=C(/C(=O)N(CC)CC)\C#N)[N+](=O)[O-])O)O,comt
709,CHEMBL953,P22734,IC50,=,2320.0,nM,c1(c(c(cc(c1)/C=C(/C(=O)N(CC)CC)\C#N)[N+](=O)[O-])O)O,comt
710,CHEMBL953,P22734,Inhibition,=,74.0,%,c1(c(c(cc(c1)/C=C(/C(=O)N(CC)CC)\C#N)[N+](=O)[O-])O)O,comt
711,CHEMBL953,P22734,Inhibition,=,23.0,%,c1(c(c(cc(c1)/C=C(/C(=O)N(CC)CC)\C#N)[N+](=O)[O-])O)O,comt
712,CHEMBL953,P22734,Inhibition,=,20.0,%,c1(c(c(cc(c1)/C=C(/C(=O)N(CC)CC)\C#N)[N+](=O)[O-])O)O,comt
713,CHEMBL953,P22734,IC50,=,2320000.0,nM,c1(c(c(cc(c1)/C=C(/C(=O)N(CC)CC)\C#N)[N+](=O)[O-])O)O,comt
714,CHEMBL953,P22734,IC50,=,12.8,nM,c1(c(c(cc(c1)/C=C(/C(=O)N(CC)CC)\C#N)[N+](=O)[O-])O)O,comt
715,CHEMBL953,P22734,Inhibition,=,20.0,%,c1(c(c(cc(c1)/C=C(/C(=O)N(CC)CC)\C#N)[N+](=O)[O-])O)O,comt
716,CHEMBL953,P22734,Inhibition,=,45.0,%,c1(c(c(cc(c1)/C=C(/C(=O)N(CC)CC)\C#N)[N+](=O)[O-])O)O,comt
717,CHEMBL953,P22734,Inhibition,=,25.0,%,c1(c(c(cc(c1)/C=C(/C(=O)N(CC)CC)\C#N)[N+](=O)[O-])O)O,comt
718,CHEMBL953,P22734,Inhibition,=,86.0,%,c1(c(c(cc(c1)/C=C(/C(=O)N(CC)CC)\C#N)[N+](=O)[O-])O)O,comt
719,CHEMBL953,P22734,Inhibition,=,96.0,%,c1(c(c(cc(c1)/C=C(/C(=O)N(CC)CC)\C#N)[N+](=O)[O-])O)O,comt
720,CHEMBL953,P22734,Inhibition,=,23.0,%,c1(c(c(cc(c1)/C=C(/C(=O)N(CC)CC)\C#N)[N+](=O)[O-])O)O,comt
721,CHEMBL953,P22734,Inhibition,=,30.0,%,c1(c(c(cc(c1)/C=C(/C(=O)N(CC)CC)\C#N)[N+](=O)[O-])O)O,comt
722,CHEMBL953,P22734,Inhibition,=,72.0,%,c1(c(c(cc(c1)/C=C(/C(=O)N(CC)CC)\C#N)[N+](=O)[O-])O)O,comt
